{
    "counter": {
        "ACTIVE": 518,
        "INACTIVE": 3,
        "INVALID": 0,
        "MALICIOUS": 0,
        "SANE": 0,
        "VALID": 0,
        "total": 521
    },
    "percentage": {
        "ACTIVE": 99.42418426103647,
        "INACTIVE": 1.4218009478672986,
        "INVALID": 0,
        "MALICIOUS": 0,
        "SANE": 0,
        "VALID": 0,
        "total": 100.84598520890377
    }
}