{
    "counter": {
        "ACTIVE": 759,
        "INACTIVE": 10,
        "INVALID": 0,
        "MALICIOUS": 0,
        "SANE": 0,
        "VALID": 0,
        "total": 769
    },
    "percentage": {
        "ACTIVE": 98.6996098829649,
        "INACTIVE": 1.8832391713747645,
        "INVALID": 0,
        "MALICIOUS": 0,
        "SANE": 0,
        "VALID": 0,
        "total": 100.58284905433966
    }
}