{
    "counter": {
        "ACTIVE": 386422,
        "INACTIVE": 3,
        "INVALID": 0,
        "MALICIOUS": 0,
        "SANE": 0,
        "VALID": 0,
        "total": 386425
    },
    "percentage": {
        "ACTIVE": 99.99922365271398,
        "INACTIVE": 0.001504158999633988,
        "INVALID": 0,
        "MALICIOUS": 0,
        "SANE": 0,
        "VALID": 0,
        "total": 100.00072781171362
    }
}