{
    "counter": {
        "ACTIVE": 346206,
        "INACTIVE": 3,
        "INVALID": 0,
        "MALICIOUS": 0,
        "SANE": 0,
        "VALID": 0,
        "total": 346209
    },
    "percentage": {
        "ACTIVE": 99.99913347140023,
        "INACTIVE": 0.001504158999633988,
        "INVALID": 0,
        "MALICIOUS": 0,
        "SANE": 0,
        "VALID": 0,
        "total": 100.00063763039986
    }
}