{
    "counter": {
        "ACTIVE": 280621,
        "INACTIVE": 3,
        "INVALID": 0,
        "MALICIOUS": 0,
        "SANE": 0,
        "VALID": 0,
        "total": 280624
    },
    "percentage": {
        "ACTIVE": 99.99893095387422,
        "INACTIVE": 0.001504158999633988,
        "INVALID": 0,
        "MALICIOUS": 0,
        "SANE": 0,
        "VALID": 0,
        "total": 100.00043511287386
    }
}