{
    "counter": {
        "ACTIVE": 764,
        "INACTIVE": 16,
        "INVALID": 0,
        "MALICIOUS": 0,
        "SANE": 0,
        "VALID": 0,
        "total": 780
    },
    "percentage": {
        "ACTIVE": 97.94871794871794,
        "INACTIVE": 2.4242424242424243,
        "INVALID": 0,
        "MALICIOUS": 0,
        "SANE": 0,
        "VALID": 0,
        "total": 100.37296037296036
    }
}