{
    "counter": {
        "ACTIVE": 351862,
        "INACTIVE": 3,
        "INVALID": 0,
        "MALICIOUS": 0,
        "SANE": 0,
        "VALID": 0,
        "total": 351865
    },
    "percentage": {
        "ACTIVE": 99.99914740028136,
        "INACTIVE": 0.001504158999633988,
        "INVALID": 0,
        "MALICIOUS": 0,
        "SANE": 0,
        "VALID": 0,
        "total": 100.000651559281
    }
}