{
    "counter": {
        "ACTIVE": 345572,
        "INACTIVE": 3,
        "INVALID": 0,
        "MALICIOUS": 0,
        "SANE": 0,
        "VALID": 0,
        "total": 345575
    },
    "percentage": {
        "ACTIVE": 99.99913188164653,
        "INACTIVE": 0.001504158999633988,
        "INVALID": 0,
        "MALICIOUS": 0,
        "SANE": 0,
        "VALID": 0,
        "total": 100.00063604064617
    }
}