{
    "counter": {
        "ACTIVE": 207758,
        "INACTIVE": 3,
        "INVALID": 0,
        "MALICIOUS": 0,
        "SANE": 0,
        "VALID": 0,
        "total": 207761
    },
    "percentage": {
        "ACTIVE": 99.99855603313422,
        "INACTIVE": 0.001504158999633988,
        "INVALID": 0,
        "MALICIOUS": 0,
        "SANE": 0,
        "VALID": 0,
        "total": 100.00006019213386
    }
}