{
    "counter": {
        "ACTIVE": 375678,
        "INACTIVE": 3,
        "INVALID": 0,
        "MALICIOUS": 0,
        "SANE": 0,
        "VALID": 0,
        "total": 375681
    },
    "percentage": {
        "ACTIVE": 99.9992014501665,
        "INACTIVE": 0.001504158999633988,
        "INVALID": 0,
        "MALICIOUS": 0,
        "SANE": 0,
        "VALID": 0,
        "total": 100.00070560916613
    }
}