{
    "counter": {
        "ACTIVE": 364881,
        "INACTIVE": 3,
        "INVALID": 0,
        "MALICIOUS": 0,
        "SANE": 0,
        "VALID": 0,
        "total": 364884
    },
    "percentage": {
        "ACTIVE": 99.9991778208965,
        "INACTIVE": 0.001504158999633988,
        "INVALID": 0,
        "MALICIOUS": 0,
        "SANE": 0,
        "VALID": 0,
        "total": 100.00068197989614
    }
}