{
    "counter": {
        "ACTIVE": 255384,
        "INACTIVE": 3,
        "INVALID": 0,
        "MALICIOUS": 0,
        "SANE": 0,
        "VALID": 0,
        "total": 255387
    },
    "percentage": {
        "ACTIVE": 99.9988253121733,
        "INACTIVE": 0.001504158999633988,
        "INVALID": 0,
        "MALICIOUS": 0,
        "SANE": 0,
        "VALID": 0,
        "total": 100.00032947117293
    }
}