{
    "counter": {
        "ACTIVE": 321333,
        "INACTIVE": 3,
        "INVALID": 0,
        "MALICIOUS": 0,
        "SANE": 0,
        "VALID": 0,
        "total": 321336
    },
    "percentage": {
        "ACTIVE": 99.99906639778924,
        "INACTIVE": 0.001504158999633988,
        "INVALID": 0,
        "MALICIOUS": 0,
        "SANE": 0,
        "VALID": 0,
        "total": 100.00057055678887
    }
}