{
    "counter": {
        "ACTIVE": 459781,
        "INACTIVE": 4,
        "INVALID": 0,
        "MALICIOUS": 0,
        "SANE": 0,
        "VALID": 0,
        "total": 459785
    },
    "percentage": {
        "ACTIVE": 99.99913002816534,
        "INACTIVE": 0.0009682955819093336,
        "INVALID": 0,
        "MALICIOUS": 0,
        "SANE": 0,
        "VALID": 0,
        "total": 100.00009832374725
    }
}