{
    "counter": {
        "ACTIVE": 313540,
        "INACTIVE": 3,
        "INVALID": 0,
        "MALICIOUS": 0,
        "SANE": 0,
        "VALID": 0,
        "total": 313543
    },
    "percentage": {
        "ACTIVE": 99.99904319343759,
        "INACTIVE": 0.001504158999633988,
        "INVALID": 0,
        "MALICIOUS": 0,
        "SANE": 0,
        "VALID": 0,
        "total": 100.00054735243722
    }
}