{
    "counter": {
        "ACTIVE": 302116,
        "INACTIVE": 3,
        "INVALID": 0,
        "MALICIOUS": 0,
        "SANE": 0,
        "VALID": 0,
        "total": 302119
    },
    "percentage": {
        "ACTIVE": 99.99900701379258,
        "INACTIVE": 0.001504158999633988,
        "INVALID": 0,
        "MALICIOUS": 0,
        "SANE": 0,
        "VALID": 0,
        "total": 100.00051117279222
    }
}