{
    "counter": {
        "ACTIVE": 400839,
        "INACTIVE": 3,
        "INVALID": 0,
        "MALICIOUS": 0,
        "SANE": 0,
        "VALID": 0,
        "total": 400842
    },
    "percentage": {
        "ACTIVE": 99.99925157543372,
        "INACTIVE": 0.001504158999633988,
        "INVALID": 0,
        "MALICIOUS": 0,
        "SANE": 0,
        "VALID": 0,
        "total": 100.00075573443335
    }
}