{
    "counter": {
        "ACTIVE": 446856,
        "INACTIVE": 4,
        "INVALID": 0,
        "MALICIOUS": 0,
        "SANE": 0,
        "VALID": 0,
        "total": 446860
    },
    "percentage": {
        "ACTIVE": 99.99910486505841,
        "INACTIVE": 0.0009682955819093336,
        "INVALID": 0,
        "MALICIOUS": 0,
        "SANE": 0,
        "VALID": 0,
        "total": 100.00007316064033
    }
}