{
    "counter": {
        "ACTIVE": 362959,
        "INACTIVE": 3,
        "INVALID": 0,
        "MALICIOUS": 0,
        "SANE": 0,
        "VALID": 0,
        "total": 362962
    },
    "percentage": {
        "ACTIVE": 99.99917346719491,
        "INACTIVE": 0.001504158999633988,
        "INVALID": 0,
        "MALICIOUS": 0,
        "SANE": 0,
        "VALID": 0,
        "total": 100.00067762619454
    }
}