{
    "counter": {
        "ACTIVE": 420056,
        "INACTIVE": 4,
        "INVALID": 0,
        "MALICIOUS": 0,
        "SANE": 0,
        "VALID": 0,
        "total": 420060
    },
    "percentage": {
        "ACTIVE": 99.99904775508261,
        "INACTIVE": 0.0009682955819093336,
        "INVALID": 0,
        "MALICIOUS": 0,
        "SANE": 0,
        "VALID": 0,
        "total": 100.00001605066453
    }
}