{
    "counter": {
        "ACTIVE": 349649,
        "INACTIVE": 3,
        "INVALID": 0,
        "MALICIOUS": 0,
        "SANE": 0,
        "VALID": 0,
        "total": 349652
    },
    "percentage": {
        "ACTIVE": 99.99914200404974,
        "INACTIVE": 0.001504158999633988,
        "INVALID": 0,
        "MALICIOUS": 0,
        "SANE": 0,
        "VALID": 0,
        "total": 100.00064616304938
    }
}