{
    "counter": {
        "ACTIVE": 399032,
        "INACTIVE": 3,
        "INVALID": 0,
        "MALICIOUS": 0,
        "SANE": 0,
        "VALID": 0,
        "total": 399035
    },
    "percentage": {
        "ACTIVE": 99.99924818624933,
        "INACTIVE": 0.001504158999633988,
        "INVALID": 0,
        "MALICIOUS": 0,
        "SANE": 0,
        "VALID": 0,
        "total": 100.00075234524897
    }
}