{
    "counter": {
        "ACTIVE": 460090,
        "INACTIVE": 4,
        "INVALID": 0,
        "MALICIOUS": 0,
        "SANE": 0,
        "VALID": 0,
        "total": 460094
    },
    "percentage": {
        "ACTIVE": 99.99913061244007,
        "INACTIVE": 0.0009682955819093336,
        "INVALID": 0,
        "MALICIOUS": 0,
        "SANE": 0,
        "VALID": 0,
        "total": 100.00009890802198
    }
}