{
    "counter": {
        "ACTIVE": 405289,
        "INACTIVE": 3,
        "INVALID": 0,
        "MALICIOUS": 0,
        "SANE": 0,
        "VALID": 0,
        "total": 405292
    },
    "percentage": {
        "ACTIVE": 99.99925979293941,
        "INACTIVE": 0.001504158999633988,
        "INVALID": 0,
        "MALICIOUS": 0,
        "SANE": 0,
        "VALID": 0,
        "total": 100.00076395193905
    }
}