{
    "counter": {
        "ACTIVE": 390960,
        "INACTIVE": 3,
        "INVALID": 0,
        "MALICIOUS": 0,
        "SANE": 0,
        "VALID": 0,
        "total": 390963
    },
    "percentage": {
        "ACTIVE": 99.99923266396053,
        "INACTIVE": 0.001504158999633988,
        "INVALID": 0,
        "MALICIOUS": 0,
        "SANE": 0,
        "VALID": 0,
        "total": 100.00073682296016
    }
}