{
    "counter": {
        "ACTIVE": 384579,
        "INACTIVE": 3,
        "INVALID": 0,
        "MALICIOUS": 0,
        "SANE": 0,
        "VALID": 0,
        "total": 384582
    },
    "percentage": {
        "ACTIVE": 99.99921993229012,
        "INACTIVE": 0.001504158999633988,
        "INVALID": 0,
        "MALICIOUS": 0,
        "SANE": 0,
        "VALID": 0,
        "total": 100.00072409128975
    }
}