{
    "counter": {
        "ACTIVE": 199558,
        "INACTIVE": 3,
        "INVALID": 0,
        "MALICIOUS": 0,
        "SANE": 0,
        "VALID": 0,
        "total": 199561
    },
    "percentage": {
        "ACTIVE": 99.99849670025706,
        "INACTIVE": 0.001507181720900089,
        "INVALID": 0,
        "MALICIOUS": 0,
        "SANE": 0,
        "VALID": 0,
        "total": 100.00000388197796
    }
}