{
    "counter": {
        "ACTIVE": 532,
        "INACTIVE": 6,
        "INVALID": 0,
        "MALICIOUS": 0,
        "SANE": 0,
        "VALID": 0,
        "total": 538
    },
    "percentage": {
        "ACTIVE": 98.88475836431226,
        "INACTIVE": 1.1695906432748537,
        "INVALID": 0,
        "MALICIOUS": 0,
        "SANE": 0,
        "VALID": 0,
        "total": 100.05434900758712
    }
}