{
    "counter": {
        "ACTIVE": 150538,
        "INACTIVE": 1,
        "INVALID": 0,
        "MALICIOUS": 0,
        "SANE": 0,
        "VALID": 0,
        "total": 150539
    },
    "percentage": {
        "ACTIVE": 99.99933572031168,
        "INACTIVE": 0.0007291074266882482,
        "INVALID": 0,
        "MALICIOUS": 0,
        "SANE": 0,
        "VALID": 0,
        "total": 100.00006482773837
    }
}