{
    "counter": {
        "ACTIVE": 400757,
        "INACTIVE": 3,
        "INVALID": 0,
        "MALICIOUS": 0,
        "SANE": 0,
        "VALID": 0,
        "total": 400760
    },
    "percentage": {
        "ACTIVE": 99.99925142229763,
        "INACTIVE": 0.001504158999633988,
        "INVALID": 0,
        "MALICIOUS": 0,
        "SANE": 0,
        "VALID": 0,
        "total": 100.00075558129727
    }
}