{
    "counter": {
        "ACTIVE": 339810,
        "INACTIVE": 3,
        "INVALID": 0,
        "MALICIOUS": 0,
        "SANE": 0,
        "VALID": 0,
        "total": 339813
    },
    "percentage": {
        "ACTIVE": 99.99911716149765,
        "INACTIVE": 0.001504158999633988,
        "INVALID": 0,
        "MALICIOUS": 0,
        "SANE": 0,
        "VALID": 0,
        "total": 100.00062132049729
    }
}