{
    "counter": {
        "ACTIVE": 408406,
        "INACTIVE": 3,
        "INVALID": 0,
        "MALICIOUS": 0,
        "SANE": 0,
        "VALID": 0,
        "total": 408409
    },
    "percentage": {
        "ACTIVE": 99.9992654422405,
        "INACTIVE": 0.001504158999633988,
        "INVALID": 0,
        "MALICIOUS": 0,
        "SANE": 0,
        "VALID": 0,
        "total": 100.00076960124014
    }
}