{
    "counter": {
        "ACTIVE": 352147,
        "INACTIVE": 3,
        "INVALID": 0,
        "MALICIOUS": 0,
        "SANE": 0,
        "VALID": 0,
        "total": 352150
    },
    "percentage": {
        "ACTIVE": 99.99914809030243,
        "INACTIVE": 0.001504158999633988,
        "INVALID": 0,
        "MALICIOUS": 0,
        "SANE": 0,
        "VALID": 0,
        "total": 100.00065224930206
    }
}