{
    "counter": {
        "ACTIVE": 293727,
        "INACTIVE": 3,
        "INVALID": 0,
        "MALICIOUS": 0,
        "SANE": 0,
        "VALID": 0,
        "total": 293730
    },
    "percentage": {
        "ACTIVE": 99.99897865386579,
        "INACTIVE": 0.001504158999633988,
        "INVALID": 0,
        "MALICIOUS": 0,
        "SANE": 0,
        "VALID": 0,
        "total": 100.00048281286543
    }
}