{
    "counter": {
        "ACTIVE": 342529,
        "INACTIVE": 3,
        "INVALID": 0,
        "MALICIOUS": 0,
        "SANE": 0,
        "VALID": 0,
        "total": 342532
    },
    "percentage": {
        "ACTIVE": 99.99912416942067,
        "INACTIVE": 0.001504158999633988,
        "INVALID": 0,
        "MALICIOUS": 0,
        "SANE": 0,
        "VALID": 0,
        "total": 100.0006283284203
    }
}