{
    "counter": {
        "ACTIVE": 278372,
        "INACTIVE": 3,
        "INVALID": 0,
        "MALICIOUS": 0,
        "SANE": 0,
        "VALID": 0,
        "total": 278375
    },
    "percentage": {
        "ACTIVE": 99.99892231701841,
        "INACTIVE": 0.001504158999633988,
        "INVALID": 0,
        "MALICIOUS": 0,
        "SANE": 0,
        "VALID": 0,
        "total": 100.00042647601805
    }
}