{
    "counter": {
        "ACTIVE": 437024,
        "INACTIVE": 4,
        "INVALID": 0,
        "MALICIOUS": 0,
        "SANE": 0,
        "VALID": 0,
        "total": 437028
    },
    "percentage": {
        "ACTIVE": 99.99908472683673,
        "INACTIVE": 0.0009682955819093336,
        "INVALID": 0,
        "MALICIOUS": 0,
        "SANE": 0,
        "VALID": 0,
        "total": 100.00005302241864
    }
}