{
    "counter": {
        "ACTIVE": 780,
        "INACTIVE": 12,
        "INVALID": 0,
        "MALICIOUS": 0,
        "SANE": 0,
        "VALID": 0,
        "total": 792
    },
    "percentage": {
        "ACTIVE": 98.48484848484848,
        "INACTIVE": 2.2140221402214024,
        "INVALID": 0,
        "MALICIOUS": 0,
        "SANE": 0,
        "VALID": 0,
        "total": 100.69887062506989
    }
}