{
    "counter": {
        "ACTIVE": 308774,
        "INACTIVE": 3,
        "INVALID": 0,
        "MALICIOUS": 0,
        "SANE": 0,
        "VALID": 0,
        "total": 308777
    },
    "percentage": {
        "ACTIVE": 99.99902842504461,
        "INACTIVE": 0.001504158999633988,
        "INVALID": 0,
        "MALICIOUS": 0,
        "SANE": 0,
        "VALID": 0,
        "total": 100.00053258404425
    }
}