{
    "counter": {
        "ACTIVE": 284648,
        "INACTIVE": 3,
        "INVALID": 0,
        "MALICIOUS": 0,
        "SANE": 0,
        "VALID": 0,
        "total": 284651
    },
    "percentage": {
        "ACTIVE": 99.99894607782863,
        "INACTIVE": 0.001504158999633988,
        "INVALID": 0,
        "MALICIOUS": 0,
        "SANE": 0,
        "VALID": 0,
        "total": 100.00045023682827
    }
}