{
    "counter": {
        "ACTIVE": 426138,
        "INACTIVE": 4,
        "INVALID": 0,
        "MALICIOUS": 0,
        "SANE": 0,
        "VALID": 0,
        "total": 426142
    },
    "percentage": {
        "ACTIVE": 99.9990613457486,
        "INACTIVE": 0.0009682955819093336,
        "INVALID": 0,
        "MALICIOUS": 0,
        "SANE": 0,
        "VALID": 0,
        "total": 100.00002964133051
    }
}