{
    "counter": {
        "ACTIVE": 316900,
        "INACTIVE": 3,
        "INVALID": 0,
        "MALICIOUS": 0,
        "SANE": 0,
        "VALID": 0,
        "total": 316903
    },
    "percentage": {
        "ACTIVE": 99.99905333808768,
        "INACTIVE": 0.001504158999633988,
        "INVALID": 0,
        "MALICIOUS": 0,
        "SANE": 0,
        "VALID": 0,
        "total": 100.00055749708731
    }
}