{
    "counter": {
        "ACTIVE": 454358,
        "INACTIVE": 4,
        "INVALID": 0,
        "MALICIOUS": 0,
        "SANE": 0,
        "VALID": 0,
        "total": 454362
    },
    "percentage": {
        "ACTIVE": 99.99911964468859,
        "INACTIVE": 0.0009682955819093336,
        "INVALID": 0,
        "MALICIOUS": 0,
        "SANE": 0,
        "VALID": 0,
        "total": 100.0000879402705
    }
}