{
    "counter": {
        "ACTIVE": 148066,
        "INACTIVE": 1,
        "INVALID": 0,
        "MALICIOUS": 0,
        "SANE": 0,
        "VALID": 0,
        "total": 148067
    },
    "percentage": {
        "ACTIVE": 99.99932463006611,
        "INACTIVE": 0.0007291074266882482,
        "INVALID": 0,
        "MALICIOUS": 0,
        "SANE": 0,
        "VALID": 0,
        "total": 100.0000537374928
    }
}