{
    "counter": {
        "ACTIVE": 752,
        "INACTIVE": 20,
        "INVALID": 0,
        "MALICIOUS": 0,
        "SANE": 0,
        "VALID": 0,
        "total": 772
    },
    "percentage": {
        "ACTIVE": 97.40932642487047,
        "INACTIVE": 3.552397868561279,
        "INVALID": 0,
        "MALICIOUS": 0,
        "SANE": 0,
        "VALID": 0,
        "total": 100.96172429343176
    }
}