{
    "counter": {
        "ACTIVE": 741,
        "INACTIVE": 18,
        "INVALID": 0,
        "MALICIOUS": 0,
        "SANE": 0,
        "VALID": 0,
        "total": 759
    },
    "percentage": {
        "ACTIVE": 97.62845849802372,
        "INACTIVE": 2.7607361963190185,
        "INVALID": 0,
        "MALICIOUS": 0,
        "SANE": 0,
        "VALID": 0,
        "total": 100.38919469434273
    }
}