{
    "counter": {
        "ACTIVE": 141016,
        "INACTIVE": 1,
        "INVALID": 0,
        "MALICIOUS": 0,
        "SANE": 0,
        "VALID": 0,
        "total": 141017
    },
    "percentage": {
        "ACTIVE": 99.99929086564032,
        "INACTIVE": 0.0007291074266882482,
        "INVALID": 0,
        "MALICIOUS": 0,
        "SANE": 0,
        "VALID": 0,
        "total": 100.00001997306701
    }
}