{
    "counter": {
        "ACTIVE": 442131,
        "INACTIVE": 4,
        "INVALID": 0,
        "MALICIOUS": 0,
        "SANE": 0,
        "VALID": 0,
        "total": 442135
    },
    "percentage": {
        "ACTIVE": 99.99909529894715,
        "INACTIVE": 0.0009682955819093336,
        "INVALID": 0,
        "MALICIOUS": 0,
        "SANE": 0,
        "VALID": 0,
        "total": 100.00006359452907
    }
}