{
    "counter": {
        "ACTIVE": 452796,
        "INACTIVE": 4,
        "INVALID": 0,
        "MALICIOUS": 0,
        "SANE": 0,
        "VALID": 0,
        "total": 452800
    },
    "percentage": {
        "ACTIVE": 99.99911660777386,
        "INACTIVE": 0.0009682955819093336,
        "INVALID": 0,
        "MALICIOUS": 0,
        "SANE": 0,
        "VALID": 0,
        "total": 100.00008490335577
    }
}