{
    "counter": {
        "ACTIVE": 787,
        "INACTIVE": 1,
        "INVALID": 0,
        "MALICIOUS": 0,
        "SANE": 0,
        "VALID": 0,
        "total": 788
    },
    "percentage": {
        "ACTIVE": 99.8730964467005,
        "INACTIVE": 2.127659574468085,
        "INVALID": 0,
        "MALICIOUS": 0,
        "SANE": 0,
        "VALID": 0,
        "total": 102.00075602116858
    }
}