{
    "counter": {
        "ACTIVE": 443772,
        "INACTIVE": 4,
        "INVALID": 0,
        "MALICIOUS": 0,
        "SANE": 0,
        "VALID": 0,
        "total": 443776
    },
    "percentage": {
        "ACTIVE": 99.99909864436111,
        "INACTIVE": 0.0009682955819093336,
        "INVALID": 0,
        "MALICIOUS": 0,
        "SANE": 0,
        "VALID": 0,
        "total": 100.00006693994303
    }
}