{
    "counter": {
        "ACTIVE": 261966,
        "INACTIVE": 3,
        "INVALID": 0,
        "MALICIOUS": 0,
        "SANE": 0,
        "VALID": 0,
        "total": 261969
    },
    "percentage": {
        "ACTIVE": 99.99885482633441,
        "INACTIVE": 0.001504158999633988,
        "INVALID": 0,
        "MALICIOUS": 0,
        "SANE": 0,
        "VALID": 0,
        "total": 100.00035898533405
    }
}