{
    "counter": {
        "ACTIVE": 448606,
        "INACTIVE": 4,
        "INVALID": 0,
        "MALICIOUS": 0,
        "SANE": 0,
        "VALID": 0,
        "total": 448610
    },
    "percentage": {
        "ACTIVE": 99.99910835692472,
        "INACTIVE": 0.0009682955819093336,
        "INVALID": 0,
        "MALICIOUS": 0,
        "SANE": 0,
        "VALID": 0,
        "total": 100.00007665250664
    }
}