{
    "counter": {
        "ACTIVE": 426493,
        "INACTIVE": 4,
        "INVALID": 0,
        "MALICIOUS": 0,
        "SANE": 0,
        "VALID": 0,
        "total": 426497
    },
    "percentage": {
        "ACTIVE": 99.99906212704896,
        "INACTIVE": 0.0009682955819093336,
        "INVALID": 0,
        "MALICIOUS": 0,
        "SANE": 0,
        "VALID": 0,
        "total": 100.00003042263087
    }
}