{
    "counter": {
        "ACTIVE": 427,
        "INACTIVE": 4,
        "INVALID": 0,
        "MALICIOUS": 0,
        "SANE": 0,
        "VALID": 0,
        "total": 431
    },
    "percentage": {
        "ACTIVE": 99.07192575406033,
        "INACTIVE": 0.9433962264150944,
        "INVALID": 0,
        "MALICIOUS": 0,
        "SANE": 0,
        "VALID": 0,
        "total": 100.01532198047542
    }
}