{
    "counter": {
        "ACTIVE": 230347,
        "INACTIVE": 3,
        "INVALID": 0,
        "MALICIOUS": 0,
        "SANE": 0,
        "VALID": 0,
        "total": 230350
    },
    "percentage": {
        "ACTIVE": 99.99869763403517,
        "INACTIVE": 0.001504158999633988,
        "INVALID": 0,
        "MALICIOUS": 0,
        "SANE": 0,
        "VALID": 0,
        "total": 100.0002017930348
    }
}