{
    "counter": {
        "ACTIVE": 422580,
        "INACTIVE": 4,
        "INVALID": 0,
        "MALICIOUS": 0,
        "SANE": 0,
        "VALID": 0,
        "total": 422584
    },
    "percentage": {
        "ACTIVE": 99.99905344262916,
        "INACTIVE": 0.0009682955819093336,
        "INVALID": 0,
        "MALICIOUS": 0,
        "SANE": 0,
        "VALID": 0,
        "total": 100.00002173821107
    }
}