{
    "counter": {
        "ACTIVE": 440557,
        "INACTIVE": 4,
        "INVALID": 0,
        "MALICIOUS": 0,
        "SANE": 0,
        "VALID": 0,
        "total": 440561
    },
    "percentage": {
        "ACTIVE": 99.99909206670586,
        "INACTIVE": 0.0009682955819093336,
        "INVALID": 0,
        "MALICIOUS": 0,
        "SANE": 0,
        "VALID": 0,
        "total": 100.00006036228777
    }
}