{
    "counter": {
        "ACTIVE": 253006,
        "INACTIVE": 3,
        "INVALID": 0,
        "MALICIOUS": 0,
        "SANE": 0,
        "VALID": 0,
        "total": 253009
    },
    "percentage": {
        "ACTIVE": 99.99881427142908,
        "INACTIVE": 0.001504158999633988,
        "INVALID": 0,
        "MALICIOUS": 0,
        "SANE": 0,
        "VALID": 0,
        "total": 100.00031843042872
    }
}