{
    "counter": {
        "ACTIVE": 336979,
        "INACTIVE": 3,
        "INVALID": 0,
        "MALICIOUS": 0,
        "SANE": 0,
        "VALID": 0,
        "total": 336982
    },
    "percentage": {
        "ACTIVE": 99.99910974473414,
        "INACTIVE": 0.001504158999633988,
        "INVALID": 0,
        "MALICIOUS": 0,
        "SANE": 0,
        "VALID": 0,
        "total": 100.00061390373378
    }
}