{
    "counter": {
        "ACTIVE": 199697,
        "INACTIVE": 3,
        "INVALID": 0,
        "MALICIOUS": 0,
        "SANE": 0,
        "VALID": 0,
        "total": 199700
    },
    "percentage": {
        "ACTIVE": 99.99849774661993,
        "INACTIVE": 0.001507181720900089,
        "INVALID": 0,
        "MALICIOUS": 0,
        "SANE": 0,
        "VALID": 0,
        "total": 100.00000492834083
    }
}