{
    "counter": {
        "ACTIVE": 389361,
        "INACTIVE": 3,
        "INVALID": 0,
        "MALICIOUS": 0,
        "SANE": 0,
        "VALID": 0,
        "total": 389364
    },
    "percentage": {
        "ACTIVE": 99.99922951274385,
        "INACTIVE": 0.001504158999633988,
        "INVALID": 0,
        "MALICIOUS": 0,
        "SANE": 0,
        "VALID": 0,
        "total": 100.00073367174349
    }
}