{
    "counter": {
        "ACTIVE": 393474,
        "INACTIVE": 3,
        "INVALID": 0,
        "MALICIOUS": 0,
        "SANE": 0,
        "VALID": 0,
        "total": 393477
    },
    "percentage": {
        "ACTIVE": 99.99923756661762,
        "INACTIVE": 0.001504158999633988,
        "INVALID": 0,
        "MALICIOUS": 0,
        "SANE": 0,
        "VALID": 0,
        "total": 100.00074172561726
    }
}