{
    "counter": {
        "ACTIVE": 774,
        "INACTIVE": 11,
        "INVALID": 0,
        "MALICIOUS": 0,
        "SANE": 0,
        "VALID": 0,
        "total": 785
    },
    "percentage": {
        "ACTIVE": 98.59872611464968,
        "INACTIVE": 1.9538188277087034,
        "INVALID": 0,
        "MALICIOUS": 0,
        "SANE": 0,
        "VALID": 0,
        "total": 100.55254494235838
    }
}