{
    "counter": {
        "ACTIVE": 755,
        "INACTIVE": 8,
        "INVALID": 0,
        "MALICIOUS": 0,
        "SANE": 0,
        "VALID": 0,
        "total": 763
    },
    "percentage": {
        "ACTIVE": 98.95150720838794,
        "INACTIVE": 1.486988847583643,
        "INVALID": 0,
        "MALICIOUS": 0,
        "SANE": 0,
        "VALID": 0,
        "total": 100.43849605597158
    }
}