{
    "counter": {
        "ACTIVE": 242316,
        "INACTIVE": 3,
        "INVALID": 0,
        "MALICIOUS": 0,
        "SANE": 0,
        "VALID": 0,
        "total": 242319
    },
    "percentage": {
        "ACTIVE": 99.99876196253699,
        "INACTIVE": 0.001504158999633988,
        "INVALID": 0,
        "MALICIOUS": 0,
        "SANE": 0,
        "VALID": 0,
        "total": 100.00026612153663
    }
}