{
    "counter": {
        "ACTIVE": 308653,
        "INACTIVE": 3,
        "INVALID": 0,
        "MALICIOUS": 0,
        "SANE": 0,
        "VALID": 0,
        "total": 308656
    },
    "percentage": {
        "ACTIVE": 99.99902804416567,
        "INACTIVE": 0.001504158999633988,
        "INVALID": 0,
        "MALICIOUS": 0,
        "SANE": 0,
        "VALID": 0,
        "total": 100.0005322031653
    }
}