{
    "counter": {
        "ACTIVE": 460015,
        "INACTIVE": 4,
        "INVALID": 0,
        "MALICIOUS": 0,
        "SANE": 0,
        "VALID": 0,
        "total": 460019
    },
    "percentage": {
        "ACTIVE": 99.99913047069795,
        "INACTIVE": 0.0009682955819093336,
        "INVALID": 0,
        "MALICIOUS": 0,
        "SANE": 0,
        "VALID": 0,
        "total": 100.00009876627986
    }
}