{
    "counter": {
        "ACTIVE": 426746,
        "INACTIVE": 4,
        "INVALID": 0,
        "MALICIOUS": 0,
        "SANE": 0,
        "VALID": 0,
        "total": 426750
    },
    "percentage": {
        "ACTIVE": 99.99906268306971,
        "INACTIVE": 0.0009682955819093336,
        "INVALID": 0,
        "MALICIOUS": 0,
        "SANE": 0,
        "VALID": 0,
        "total": 100.00003097865162
    }
}