{
    "counter": {
        "ACTIVE": 398537,
        "INACTIVE": 3,
        "INVALID": 0,
        "MALICIOUS": 0,
        "SANE": 0,
        "VALID": 0,
        "total": 398540
    },
    "percentage": {
        "ACTIVE": 99.99924725247152,
        "INACTIVE": 0.001504158999633988,
        "INVALID": 0,
        "MALICIOUS": 0,
        "SANE": 0,
        "VALID": 0,
        "total": 100.00075141147116
    }
}