{
    "counter": {
        "ACTIVE": 263018,
        "INACTIVE": 3,
        "INVALID": 0,
        "MALICIOUS": 0,
        "SANE": 0,
        "VALID": 0,
        "total": 263021
    },
    "percentage": {
        "ACTIVE": 99.99885940666334,
        "INACTIVE": 0.001504158999633988,
        "INVALID": 0,
        "MALICIOUS": 0,
        "SANE": 0,
        "VALID": 0,
        "total": 100.00036356566298
    }
}