{
    "counter": {
        "ACTIVE": 434995,
        "INACTIVE": 4,
        "INVALID": 0,
        "MALICIOUS": 0,
        "SANE": 0,
        "VALID": 0,
        "total": 434999
    },
    "percentage": {
        "ACTIVE": 99.99908045765622,
        "INACTIVE": 0.0009682955819093336,
        "INVALID": 0,
        "MALICIOUS": 0,
        "SANE": 0,
        "VALID": 0,
        "total": 100.00004875323813
    }
}