{
    "counter": {
        "ACTIVE": 349540,
        "INACTIVE": 3,
        "INVALID": 0,
        "MALICIOUS": 0,
        "SANE": 0,
        "VALID": 0,
        "total": 349543
    },
    "percentage": {
        "ACTIVE": 99.99914173649594,
        "INACTIVE": 0.001504158999633988,
        "INVALID": 0,
        "MALICIOUS": 0,
        "SANE": 0,
        "VALID": 0,
        "total": 100.00064589549558
    }
}