{
    "counter": {
        "ACTIVE": 310836,
        "INACTIVE": 3,
        "INVALID": 0,
        "MALICIOUS": 0,
        "SANE": 0,
        "VALID": 0,
        "total": 310839
    },
    "percentage": {
        "ACTIVE": 99.99903487014178,
        "INACTIVE": 0.001504158999633988,
        "INVALID": 0,
        "MALICIOUS": 0,
        "SANE": 0,
        "VALID": 0,
        "total": 100.00053902914142
    }
}