{
    "counter": {
        "ACTIVE": 774,
        "INACTIVE": 6,
        "INVALID": 0,
        "MALICIOUS": 0,
        "SANE": 0,
        "VALID": 0,
        "total": 780
    },
    "percentage": {
        "ACTIVE": 99.23076923076923,
        "INACTIVE": 1.1173184357541899,
        "INVALID": 0,
        "MALICIOUS": 0,
        "SANE": 0,
        "VALID": 0,
        "total": 100.34808766652341
    }
}