{
    "counter": {
        "ACTIVE": 399991,
        "INACTIVE": 3,
        "INVALID": 0,
        "MALICIOUS": 0,
        "SANE": 0,
        "VALID": 0,
        "total": 399994
    },
    "percentage": {
        "ACTIVE": 99.99924998874984,
        "INACTIVE": 0.001504158999633988,
        "INVALID": 0,
        "MALICIOUS": 0,
        "SANE": 0,
        "VALID": 0,
        "total": 100.00075414774948
    }
}