{
    "counter": {
        "ACTIVE": 761,
        "INACTIVE": 16,
        "INVALID": 0,
        "MALICIOUS": 0,
        "SANE": 0,
        "VALID": 0,
        "total": 777
    },
    "percentage": {
        "ACTIVE": 97.94079794079794,
        "INACTIVE": 2.8520499108734403,
        "INVALID": 0,
        "MALICIOUS": 0,
        "SANE": 0,
        "VALID": 0,
        "total": 100.79284785167138
    }
}