{
    "counter": {
        "ACTIVE": 727,
        "INACTIVE": 15,
        "INVALID": 0,
        "MALICIOUS": 0,
        "SANE": 0,
        "VALID": 0,
        "total": 742
    },
    "percentage": {
        "ACTIVE": 97.97843665768194,
        "INACTIVE": 2.722323049001815,
        "INVALID": 0,
        "MALICIOUS": 0,
        "SANE": 0,
        "VALID": 0,
        "total": 100.70075970668375
    }
}