{
    "counter": {
        "ACTIVE": 427388,
        "INACTIVE": 4,
        "INVALID": 0,
        "MALICIOUS": 0,
        "SANE": 0,
        "VALID": 0,
        "total": 427392
    },
    "percentage": {
        "ACTIVE": 99.99906409104523,
        "INACTIVE": 0.0009682955819093336,
        "INVALID": 0,
        "MALICIOUS": 0,
        "SANE": 0,
        "VALID": 0,
        "total": 100.00003238662714
    }
}