{
    "counter": {
        "ACTIVE": 370420,
        "INACTIVE": 3,
        "INVALID": 0,
        "MALICIOUS": 0,
        "SANE": 0,
        "VALID": 0,
        "total": 370423
    },
    "percentage": {
        "ACTIVE": 99.99919011508464,
        "INACTIVE": 0.001504158999633988,
        "INVALID": 0,
        "MALICIOUS": 0,
        "SANE": 0,
        "VALID": 0,
        "total": 100.00069427408428
    }
}