{
    "counter": {
        "ACTIVE": 427563,
        "INACTIVE": 4,
        "INVALID": 0,
        "MALICIOUS": 0,
        "SANE": 0,
        "VALID": 0,
        "total": 427567
    },
    "percentage": {
        "ACTIVE": 99.99906447410581,
        "INACTIVE": 0.0009682955819093336,
        "INVALID": 0,
        "MALICIOUS": 0,
        "SANE": 0,
        "VALID": 0,
        "total": 100.00003276968772
    }
}