{
    "counter": {
        "ACTIVE": 191507,
        "INACTIVE": 2,
        "INVALID": 0,
        "MALICIOUS": 0,
        "SANE": 0,
        "VALID": 0,
        "total": 191509
    },
    "percentage": {
        "ACTIVE": 99.99895566265815,
        "INACTIVE": 0.0013050145182865159,
        "INVALID": 0,
        "MALICIOUS": 0,
        "SANE": 0,
        "VALID": 0,
        "total": 100.00026067717643
    }
}