{
    "counter": {
        "ACTIVE": 195108,
        "INACTIVE": 2,
        "INVALID": 0,
        "MALICIOUS": 0,
        "SANE": 0,
        "VALID": 0,
        "total": 195110
    },
    "percentage": {
        "ACTIVE": 99.99897493721491,
        "INACTIVE": 0.0013050145182865159,
        "INVALID": 0,
        "MALICIOUS": 0,
        "SANE": 0,
        "VALID": 0,
        "total": 100.00027995173319
    }
}