{
    "counter": {
        "ACTIVE": 455490,
        "INACTIVE": 4,
        "INVALID": 0,
        "MALICIOUS": 0,
        "SANE": 0,
        "VALID": 0,
        "total": 455494
    },
    "percentage": {
        "ACTIVE": 99.99912183255981,
        "INACTIVE": 0.0009682955819093336,
        "INVALID": 0,
        "MALICIOUS": 0,
        "SANE": 0,
        "VALID": 0,
        "total": 100.00009012814172
    }
}