{
    "counter": {
        "ACTIVE": 338669,
        "INACTIVE": 3,
        "INVALID": 0,
        "MALICIOUS": 0,
        "SANE": 0,
        "VALID": 0,
        "total": 338672
    },
    "percentage": {
        "ACTIVE": 99.99911418717815,
        "INACTIVE": 0.001504158999633988,
        "INVALID": 0,
        "MALICIOUS": 0,
        "SANE": 0,
        "VALID": 0,
        "total": 100.00061834617779
    }
}