{
    "counter": {
        "ACTIVE": 362857,
        "INACTIVE": 3,
        "INVALID": 0,
        "MALICIOUS": 0,
        "SANE": 0,
        "VALID": 0,
        "total": 362860
    },
    "percentage": {
        "ACTIVE": 99.99917323485641,
        "INACTIVE": 0.001504158999633988,
        "INVALID": 0,
        "MALICIOUS": 0,
        "SANE": 0,
        "VALID": 0,
        "total": 100.00067739385605
    }
}