{
    "counter": {
        "ACTIVE": 377382,
        "INACTIVE": 3,
        "INVALID": 0,
        "MALICIOUS": 0,
        "SANE": 0,
        "VALID": 0,
        "total": 377385
    },
    "percentage": {
        "ACTIVE": 99.99920505584483,
        "INACTIVE": 0.001504158999633988,
        "INVALID": 0,
        "MALICIOUS": 0,
        "SANE": 0,
        "VALID": 0,
        "total": 100.00070921484446
    }
}