{
    "counter": {
        "ACTIVE": 390292,
        "INACTIVE": 3,
        "INVALID": 0,
        "MALICIOUS": 0,
        "SANE": 0,
        "VALID": 0,
        "total": 390295
    },
    "percentage": {
        "ACTIVE": 99.99923135064502,
        "INACTIVE": 0.001504158999633988,
        "INVALID": 0,
        "MALICIOUS": 0,
        "SANE": 0,
        "VALID": 0,
        "total": 100.00073550964466
    }
}