{
    "counter": {
        "ACTIVE": 383705,
        "INACTIVE": 3,
        "INVALID": 0,
        "MALICIOUS": 0,
        "SANE": 0,
        "VALID": 0,
        "total": 383708
    },
    "percentage": {
        "ACTIVE": 99.99921815547239,
        "INACTIVE": 0.001504158999633988,
        "INVALID": 0,
        "MALICIOUS": 0,
        "SANE": 0,
        "VALID": 0,
        "total": 100.00072231447203
    }
}