{
    "counter": {
        "ACTIVE": 354993,
        "INACTIVE": 3,
        "INVALID": 0,
        "MALICIOUS": 0,
        "SANE": 0,
        "VALID": 0,
        "total": 354996
    },
    "percentage": {
        "ACTIVE": 99.99915492005543,
        "INACTIVE": 0.001504158999633988,
        "INVALID": 0,
        "MALICIOUS": 0,
        "SANE": 0,
        "VALID": 0,
        "total": 100.00065907905507
    }
}