{
    "counter": {
        "ACTIVE": 333239,
        "INACTIVE": 3,
        "INVALID": 0,
        "MALICIOUS": 0,
        "SANE": 0,
        "VALID": 0,
        "total": 333242
    },
    "percentage": {
        "ACTIVE": 99.99909975333242,
        "INACTIVE": 0.001504158999633988,
        "INVALID": 0,
        "MALICIOUS": 0,
        "SANE": 0,
        "VALID": 0,
        "total": 100.00060391233205
    }
}