{
    "counter": {
        "ACTIVE": 421,
        "INACTIVE": 2,
        "INVALID": 0,
        "MALICIOUS": 0,
        "SANE": 0,
        "VALID": 0,
        "total": 423
    },
    "percentage": {
        "ACTIVE": 99.52718676122932,
        "INACTIVE": 0.477326968973747,
        "INVALID": 0,
        "MALICIOUS": 0,
        "SANE": 0,
        "VALID": 0,
        "total": 100.00451373020306
    }
}