{
    "counter": {
        "ACTIVE": 266369,
        "INACTIVE": 3,
        "INVALID": 0,
        "MALICIOUS": 0,
        "SANE": 0,
        "VALID": 0,
        "total": 266372
    },
    "percentage": {
        "ACTIVE": 99.99887375549983,
        "INACTIVE": 0.001504158999633988,
        "INVALID": 0,
        "MALICIOUS": 0,
        "SANE": 0,
        "VALID": 0,
        "total": 100.00037791449947
    }
}