{
    "counter": {
        "ACTIVE": 350463,
        "INACTIVE": 3,
        "INVALID": 0,
        "MALICIOUS": 0,
        "SANE": 0,
        "VALID": 0,
        "total": 350466
    },
    "percentage": {
        "ACTIVE": 99.99914399684991,
        "INACTIVE": 0.001504158999633988,
        "INVALID": 0,
        "MALICIOUS": 0,
        "SANE": 0,
        "VALID": 0,
        "total": 100.00064815584955
    }
}