{
    "counter": {
        "ACTIVE": 455072,
        "INACTIVE": 4,
        "INVALID": 0,
        "MALICIOUS": 0,
        "SANE": 0,
        "VALID": 0,
        "total": 455076
    },
    "percentage": {
        "ACTIVE": 99.99912102593852,
        "INACTIVE": 0.0009682955819093336,
        "INVALID": 0,
        "MALICIOUS": 0,
        "SANE": 0,
        "VALID": 0,
        "total": 100.00008932152043
    }
}