{
    "counter": {
        "ACTIVE": 289630,
        "INACTIVE": 3,
        "INVALID": 0,
        "MALICIOUS": 0,
        "SANE": 0,
        "VALID": 0,
        "total": 289633
    },
    "percentage": {
        "ACTIVE": 99.99896420642675,
        "INACTIVE": 0.001504158999633988,
        "INVALID": 0,
        "MALICIOUS": 0,
        "SANE": 0,
        "VALID": 0,
        "total": 100.00046836542639
    }
}