{
    "counter": {
        "ACTIVE": 385598,
        "INACTIVE": 3,
        "INVALID": 0,
        "MALICIOUS": 0,
        "SANE": 0,
        "VALID": 0,
        "total": 385601
    },
    "percentage": {
        "ACTIVE": 99.99922199371889,
        "INACTIVE": 0.001504158999633988,
        "INVALID": 0,
        "MALICIOUS": 0,
        "SANE": 0,
        "VALID": 0,
        "total": 100.00072615271853
    }
}