{
    "counter": {
        "ACTIVE": 187741,
        "INACTIVE": 2,
        "INVALID": 0,
        "MALICIOUS": 0,
        "SANE": 0,
        "VALID": 0,
        "total": 187743
    },
    "percentage": {
        "ACTIVE": 99.99893471394407,
        "INACTIVE": 0.0013050145182865159,
        "INVALID": 0,
        "MALICIOUS": 0,
        "SANE": 0,
        "VALID": 0,
        "total": 100.00023972846235
    }
}