{
    "counter": {
        "ACTIVE": 198572,
        "INACTIVE": 2,
        "INVALID": 0,
        "MALICIOUS": 0,
        "SANE": 0,
        "VALID": 0,
        "total": 198574
    },
    "percentage": {
        "ACTIVE": 99.99899281879803,
        "INACTIVE": 0.0013050145182865159,
        "INVALID": 0,
        "MALICIOUS": 0,
        "SANE": 0,
        "VALID": 0,
        "total": 100.00029783331631
    }
}