{
    "counter": {
        "ACTIVE": 436762,
        "INACTIVE": 4,
        "INVALID": 0,
        "MALICIOUS": 0,
        "SANE": 0,
        "VALID": 0,
        "total": 436766
    },
    "percentage": {
        "ACTIVE": 99.99908417779773,
        "INACTIVE": 0.0009682955819093336,
        "INVALID": 0,
        "MALICIOUS": 0,
        "SANE": 0,
        "VALID": 0,
        "total": 100.00005247337964
    }
}