{
    "counter": {
        "ACTIVE": 318581,
        "INACTIVE": 3,
        "INVALID": 0,
        "MALICIOUS": 0,
        "SANE": 0,
        "VALID": 0,
        "total": 318584
    },
    "percentage": {
        "ACTIVE": 99.99905833312407,
        "INACTIVE": 0.001504158999633988,
        "INVALID": 0,
        "MALICIOUS": 0,
        "SANE": 0,
        "VALID": 0,
        "total": 100.0005624921237
    }
}