{
    "counter": {
        "ACTIVE": 343872,
        "INACTIVE": 3,
        "INVALID": 0,
        "MALICIOUS": 0,
        "SANE": 0,
        "VALID": 0,
        "total": 343875
    },
    "percentage": {
        "ACTIVE": 99.99912758996729,
        "INACTIVE": 0.001504158999633988,
        "INVALID": 0,
        "MALICIOUS": 0,
        "SANE": 0,
        "VALID": 0,
        "total": 100.00063174896692
    }
}