{
    "counter": {
        "ACTIVE": 327513,
        "INACTIVE": 3,
        "INVALID": 0,
        "MALICIOUS": 0,
        "SANE": 0,
        "VALID": 0,
        "total": 327516
    },
    "percentage": {
        "ACTIVE": 99.9990840142161,
        "INACTIVE": 0.001504158999633988,
        "INVALID": 0,
        "MALICIOUS": 0,
        "SANE": 0,
        "VALID": 0,
        "total": 100.00058817321573
    }
}