{
    "counter": {
        "ACTIVE": 417,
        "INACTIVE": 7,
        "INVALID": 0,
        "MALICIOUS": 0,
        "SANE": 0,
        "VALID": 0,
        "total": 424
    },
    "percentage": {
        "ACTIVE": 98.34905660377359,
        "INACTIVE": 1.6587677725118484,
        "INVALID": 0,
        "MALICIOUS": 0,
        "SANE": 0,
        "VALID": 0,
        "total": 100.00782437628544
    }
}