{
    "counter": {
        "ACTIVE": 766,
        "INACTIVE": 8,
        "INVALID": 0,
        "MALICIOUS": 0,
        "SANE": 0,
        "VALID": 0,
        "total": 774
    },
    "percentage": {
        "ACTIVE": 98.96640826873384,
        "INACTIVE": 1.4625228519195612,
        "INVALID": 0,
        "MALICIOUS": 0,
        "SANE": 0,
        "VALID": 0,
        "total": 100.4289311206534
    }
}