{
    "counter": {
        "ACTIVE": 411433,
        "INACTIVE": 3,
        "INVALID": 0,
        "MALICIOUS": 0,
        "SANE": 0,
        "VALID": 0,
        "total": 411436
    },
    "percentage": {
        "ACTIVE": 99.9992708464986,
        "INACTIVE": 0.001504158999633988,
        "INVALID": 0,
        "MALICIOUS": 0,
        "SANE": 0,
        "VALID": 0,
        "total": 100.00077500549824
    }
}