{
    "counter": {
        "ACTIVE": 240743,
        "INACTIVE": 3,
        "INVALID": 0,
        "MALICIOUS": 0,
        "SANE": 0,
        "VALID": 0,
        "total": 240746
    },
    "percentage": {
        "ACTIVE": 99.99875387337693,
        "INACTIVE": 0.001504158999633988,
        "INVALID": 0,
        "MALICIOUS": 0,
        "SANE": 0,
        "VALID": 0,
        "total": 100.00025803237656
    }
}