{
    "counter": {
        "ACTIVE": 424579,
        "INACTIVE": 4,
        "INVALID": 0,
        "MALICIOUS": 0,
        "SANE": 0,
        "VALID": 0,
        "total": 424583
    },
    "percentage": {
        "ACTIVE": 99.99905789916224,
        "INACTIVE": 0.0009682955819093336,
        "INVALID": 0,
        "MALICIOUS": 0,
        "SANE": 0,
        "VALID": 0,
        "total": 100.00002619474415
    }
}