{
    "counter": {
        "ACTIVE": 327501,
        "INACTIVE": 3,
        "INVALID": 0,
        "MALICIOUS": 0,
        "SANE": 0,
        "VALID": 0,
        "total": 327504
    },
    "percentage": {
        "ACTIVE": 99.99908398065367,
        "INACTIVE": 0.001504158999633988,
        "INVALID": 0,
        "MALICIOUS": 0,
        "SANE": 0,
        "VALID": 0,
        "total": 100.0005881396533
    }
}