{
    "counter": {
        "ACTIVE": 274592,
        "INACTIVE": 3,
        "INVALID": 0,
        "MALICIOUS": 0,
        "SANE": 0,
        "VALID": 0,
        "total": 274595
    },
    "percentage": {
        "ACTIVE": 99.99890748192793,
        "INACTIVE": 0.001504158999633988,
        "INVALID": 0,
        "MALICIOUS": 0,
        "SANE": 0,
        "VALID": 0,
        "total": 100.00041164092757
    }
}