{
    "counter": {
        "ACTIVE": 335157,
        "INACTIVE": 3,
        "INVALID": 0,
        "MALICIOUS": 0,
        "SANE": 0,
        "VALID": 0,
        "total": 335160
    },
    "percentage": {
        "ACTIVE": 99.99910490511995,
        "INACTIVE": 0.001504158999633988,
        "INVALID": 0,
        "MALICIOUS": 0,
        "SANE": 0,
        "VALID": 0,
        "total": 100.00060906411959
    }
}