{
    "counter": {
        "ACTIVE": 414,
        "INACTIVE": 3,
        "INVALID": 0,
        "MALICIOUS": 0,
        "SANE": 0,
        "VALID": 0,
        "total": 417
    },
    "percentage": {
        "ACTIVE": 99.28057553956835,
        "INACTIVE": 0.7263922518159807,
        "INVALID": 0,
        "MALICIOUS": 0,
        "SANE": 0,
        "VALID": 0,
        "total": 100.00696779138433
    }
}