{
    "counter": {
        "ACTIVE": 447691,
        "INACTIVE": 4,
        "INVALID": 0,
        "MALICIOUS": 0,
        "SANE": 0,
        "VALID": 0,
        "total": 447695
    },
    "percentage": {
        "ACTIVE": 99.9991065345827,
        "INACTIVE": 0.0009682955819093336,
        "INVALID": 0,
        "MALICIOUS": 0,
        "SANE": 0,
        "VALID": 0,
        "total": 100.0000748301646
    }
}