{
    "counter": {
        "ACTIVE": 460,
        "INACTIVE": 8,
        "INVALID": 0,
        "MALICIOUS": 0,
        "SANE": 0,
        "VALID": 0,
        "total": 468
    },
    "percentage": {
        "ACTIVE": 98.2905982905983,
        "INACTIVE": 1.7241379310344827,
        "INVALID": 0,
        "MALICIOUS": 0,
        "SANE": 0,
        "VALID": 0,
        "total": 100.01473622163277
    }
}