{
    "counter": {
        "ACTIVE": 392121,
        "INACTIVE": 3,
        "INVALID": 0,
        "MALICIOUS": 0,
        "SANE": 0,
        "VALID": 0,
        "total": 392124
    },
    "percentage": {
        "ACTIVE": 99.99923493588763,
        "INACTIVE": 0.001504158999633988,
        "INVALID": 0,
        "MALICIOUS": 0,
        "SANE": 0,
        "VALID": 0,
        "total": 100.00073909488727
    }
}