{
    "counter": {
        "ACTIVE": 455900,
        "INACTIVE": 4,
        "INVALID": 0,
        "MALICIOUS": 0,
        "SANE": 0,
        "VALID": 0,
        "total": 455904
    },
    "percentage": {
        "ACTIVE": 99.99912262230644,
        "INACTIVE": 0.0009682955819093336,
        "INVALID": 0,
        "MALICIOUS": 0,
        "SANE": 0,
        "VALID": 0,
        "total": 100.00009091788836
    }
}