{
    "counter": {
        "ACTIVE": 402171,
        "INACTIVE": 3,
        "INVALID": 0,
        "MALICIOUS": 0,
        "SANE": 0,
        "VALID": 0,
        "total": 402174
    },
    "percentage": {
        "ACTIVE": 99.99925405421534,
        "INACTIVE": 0.001504158999633988,
        "INVALID": 0,
        "MALICIOUS": 0,
        "SANE": 0,
        "VALID": 0,
        "total": 100.00075821321498
    }
}