{
    "counter": {
        "ACTIVE": 723,
        "INACTIVE": 12,
        "INVALID": 0,
        "MALICIOUS": 0,
        "SANE": 0,
        "VALID": 0,
        "total": 735
    },
    "percentage": {
        "ACTIVE": 98.36734693877551,
        "INACTIVE": 1.7699115044247788,
        "INVALID": 0,
        "MALICIOUS": 0,
        "SANE": 0,
        "VALID": 0,
        "total": 100.1372584432003
    }
}