{
    "counter": {
        "ACTIVE": 329344,
        "INACTIVE": 3,
        "INVALID": 0,
        "MALICIOUS": 0,
        "SANE": 0,
        "VALID": 0,
        "total": 329347
    },
    "percentage": {
        "ACTIVE": 99.99908910662614,
        "INACTIVE": 0.001504158999633988,
        "INVALID": 0,
        "MALICIOUS": 0,
        "SANE": 0,
        "VALID": 0,
        "total": 100.00059326562578
    }
}