{
    "counter": {
        "ACTIVE": 317399,
        "INACTIVE": 3,
        "INVALID": 0,
        "MALICIOUS": 0,
        "SANE": 0,
        "VALID": 0,
        "total": 317402
    },
    "percentage": {
        "ACTIVE": 99.9990548263716,
        "INACTIVE": 0.001504158999633988,
        "INVALID": 0,
        "MALICIOUS": 0,
        "SANE": 0,
        "VALID": 0,
        "total": 100.00055898537124
    }
}