{
    "counter": {
        "ACTIVE": 155830,
        "INACTIVE": 2,
        "INVALID": 0,
        "MALICIOUS": 0,
        "SANE": 0,
        "VALID": 0,
        "total": 155832
    },
    "percentage": {
        "ACTIVE": 99.99871656655885,
        "INACTIVE": 0.0013050145182865159,
        "INVALID": 0,
        "MALICIOUS": 0,
        "SANE": 0,
        "VALID": 0,
        "total": 100.00002158107714
    }
}