{
    "counter": {
        "ACTIVE": 374257,
        "INACTIVE": 3,
        "INVALID": 0,
        "MALICIOUS": 0,
        "SANE": 0,
        "VALID": 0,
        "total": 374260
    },
    "percentage": {
        "ACTIVE": 99.99919841821193,
        "INACTIVE": 0.001504158999633988,
        "INVALID": 0,
        "MALICIOUS": 0,
        "SANE": 0,
        "VALID": 0,
        "total": 100.00070257721157
    }
}