{
    "counter": {
        "ACTIVE": 403707,
        "INACTIVE": 3,
        "INVALID": 0,
        "MALICIOUS": 0,
        "SANE": 0,
        "VALID": 0,
        "total": 403710
    },
    "percentage": {
        "ACTIVE": 99.9992568923237,
        "INACTIVE": 0.001504158999633988,
        "INVALID": 0,
        "MALICIOUS": 0,
        "SANE": 0,
        "VALID": 0,
        "total": 100.00076105132334
    }
}