{
    "counter": {
        "ACTIVE": 193757,
        "INACTIVE": 2,
        "INVALID": 0,
        "MALICIOUS": 0,
        "SANE": 0,
        "VALID": 0,
        "total": 193759
    },
    "percentage": {
        "ACTIVE": 99.99896778988331,
        "INACTIVE": 0.0013050145182865159,
        "INVALID": 0,
        "MALICIOUS": 0,
        "SANE": 0,
        "VALID": 0,
        "total": 100.00027280440159
    }
}