{
    "counter": {
        "ACTIVE": 407302,
        "INACTIVE": 3,
        "INVALID": 0,
        "MALICIOUS": 0,
        "SANE": 0,
        "VALID": 0,
        "total": 407305
    },
    "percentage": {
        "ACTIVE": 99.99926345122206,
        "INACTIVE": 0.001504158999633988,
        "INVALID": 0,
        "MALICIOUS": 0,
        "SANE": 0,
        "VALID": 0,
        "total": 100.0007676102217
    }
}