{
    "counter": {
        "ACTIVE": 453478,
        "INACTIVE": 4,
        "INVALID": 0,
        "MALICIOUS": 0,
        "SANE": 0,
        "VALID": 0,
        "total": 453482
    },
    "percentage": {
        "ACTIVE": 99.99911793632383,
        "INACTIVE": 0.0009682955819093336,
        "INVALID": 0,
        "MALICIOUS": 0,
        "SANE": 0,
        "VALID": 0,
        "total": 100.00008623190574
    }
}