{
    "counter": {
        "ACTIVE": 456616,
        "INACTIVE": 4,
        "INVALID": 0,
        "MALICIOUS": 0,
        "SANE": 0,
        "VALID": 0,
        "total": 456620
    },
    "percentage": {
        "ACTIVE": 99.99912399807279,
        "INACTIVE": 0.0009682955819093336,
        "INVALID": 0,
        "MALICIOUS": 0,
        "SANE": 0,
        "VALID": 0,
        "total": 100.0000922936547
    }
}