{
    "counter": {
        "ACTIVE": 450330,
        "INACTIVE": 4,
        "INVALID": 0,
        "MALICIOUS": 0,
        "SANE": 0,
        "VALID": 0,
        "total": 450334
    },
    "percentage": {
        "ACTIVE": 99.99911177037488,
        "INACTIVE": 0.0009682955819093336,
        "INVALID": 0,
        "MALICIOUS": 0,
        "SANE": 0,
        "VALID": 0,
        "total": 100.0000800659568
    }
}