{
    "counter": {
        "ACTIVE": 237225,
        "INACTIVE": 3,
        "INVALID": 0,
        "MALICIOUS": 0,
        "SANE": 0,
        "VALID": 0,
        "total": 237228
    },
    "percentage": {
        "ACTIVE": 99.99873539379837,
        "INACTIVE": 0.001504158999633988,
        "INVALID": 0,
        "MALICIOUS": 0,
        "SANE": 0,
        "VALID": 0,
        "total": 100.000239552798
    }
}