{
    "counter": {
        "ACTIVE": 234719,
        "INACTIVE": 3,
        "INVALID": 0,
        "MALICIOUS": 0,
        "SANE": 0,
        "VALID": 0,
        "total": 234722
    },
    "percentage": {
        "ACTIVE": 99.99872189228108,
        "INACTIVE": 0.001504158999633988,
        "INVALID": 0,
        "MALICIOUS": 0,
        "SANE": 0,
        "VALID": 0,
        "total": 100.00022605128072
    }
}