{
    "counter": {
        "ACTIVE": 286434,
        "INACTIVE": 3,
        "INVALID": 0,
        "MALICIOUS": 0,
        "SANE": 0,
        "VALID": 0,
        "total": 286437
    },
    "percentage": {
        "ACTIVE": 99.99895264927366,
        "INACTIVE": 0.001504158999633988,
        "INVALID": 0,
        "MALICIOUS": 0,
        "SANE": 0,
        "VALID": 0,
        "total": 100.0004568082733
    }
}