{
    "counter": {
        "ACTIVE": 723,
        "INACTIVE": 22,
        "INVALID": 0,
        "MALICIOUS": 0,
        "SANE": 0,
        "VALID": 0,
        "total": 745
    },
    "percentage": {
        "ACTIVE": 97.04697986577182,
        "INACTIVE": 3.0136986301369864,
        "INVALID": 0,
        "MALICIOUS": 0,
        "SANE": 0,
        "VALID": 0,
        "total": 100.0606784959088
    }
}