{
    "counter": {
        "ACTIVE": 425057,
        "INACTIVE": 4,
        "INVALID": 0,
        "MALICIOUS": 0,
        "SANE": 0,
        "VALID": 0,
        "total": 425061
    },
    "percentage": {
        "ACTIVE": 99.99905895859654,
        "INACTIVE": 0.0009682955819093336,
        "INVALID": 0,
        "MALICIOUS": 0,
        "SANE": 0,
        "VALID": 0,
        "total": 100.00002725417845
    }
}