{
    "counter": {
        "ACTIVE": 143446,
        "INACTIVE": 1,
        "INVALID": 0,
        "MALICIOUS": 0,
        "SANE": 0,
        "VALID": 0,
        "total": 143447
    },
    "percentage": {
        "ACTIVE": 99.99930287841502,
        "INACTIVE": 0.0007291074266882482,
        "INVALID": 0,
        "MALICIOUS": 0,
        "SANE": 0,
        "VALID": 0,
        "total": 100.00003198584172
    }
}