{
    "counter": {
        "ACTIVE": 418843,
        "INACTIVE": 4,
        "INVALID": 0,
        "MALICIOUS": 0,
        "SANE": 0,
        "VALID": 0,
        "total": 418847
    },
    "percentage": {
        "ACTIVE": 99.99904499733793,
        "INACTIVE": 0.0009683377755828788,
        "INVALID": 0,
        "MALICIOUS": 0,
        "SANE": 0,
        "VALID": 0,
        "total": 100.00001333511352
    }
}