{
    "counter": {
        "ACTIVE": 312197,
        "INACTIVE": 3,
        "INVALID": 0,
        "MALICIOUS": 0,
        "SANE": 0,
        "VALID": 0,
        "total": 312200
    },
    "percentage": {
        "ACTIVE": 99.99903907751441,
        "INACTIVE": 0.001504158999633988,
        "INVALID": 0,
        "MALICIOUS": 0,
        "SANE": 0,
        "VALID": 0,
        "total": 100.00054323651405
    }
}