{
    "counter": {
        "ACTIVE": 348026,
        "INACTIVE": 3,
        "INVALID": 0,
        "MALICIOUS": 0,
        "SANE": 0,
        "VALID": 0,
        "total": 348029
    },
    "percentage": {
        "ACTIVE": 99.99913800286758,
        "INACTIVE": 0.001504158999633988,
        "INVALID": 0,
        "MALICIOUS": 0,
        "SANE": 0,
        "VALID": 0,
        "total": 100.00064216186722
    }
}