{
    "counter": {
        "ACTIVE": 329779,
        "INACTIVE": 3,
        "INVALID": 0,
        "MALICIOUS": 0,
        "SANE": 0,
        "VALID": 0,
        "total": 329782
    },
    "percentage": {
        "ACTIVE": 99.99909030814295,
        "INACTIVE": 0.001504158999633988,
        "INVALID": 0,
        "MALICIOUS": 0,
        "SANE": 0,
        "VALID": 0,
        "total": 100.00059446714259
    }
}