{
    "counter": {
        "ACTIVE": 435135,
        "INACTIVE": 4,
        "INVALID": 0,
        "MALICIOUS": 0,
        "SANE": 0,
        "VALID": 0,
        "total": 435139
    },
    "percentage": {
        "ACTIVE": 99.99908075350635,
        "INACTIVE": 0.0009682955819093336,
        "INVALID": 0,
        "MALICIOUS": 0,
        "SANE": 0,
        "VALID": 0,
        "total": 100.00004904908826
    }
}