{
    "counter": {
        "ACTIVE": 461021,
        "INACTIVE": 4,
        "INVALID": 0,
        "MALICIOUS": 0,
        "SANE": 0,
        "VALID": 0,
        "total": 461025
    },
    "percentage": {
        "ACTIVE": 99.99913236809283,
        "INACTIVE": 0.0009682955819093336,
        "INVALID": 0,
        "MALICIOUS": 0,
        "SANE": 0,
        "VALID": 0,
        "total": 100.00010066367474
    }
}