{
    "counter": {
        "ACTIVE": 408950,
        "INACTIVE": 3,
        "INVALID": 0,
        "MALICIOUS": 0,
        "SANE": 0,
        "VALID": 0,
        "total": 408953
    },
    "percentage": {
        "ACTIVE": 99.99926641936848,
        "INACTIVE": 0.001504158999633988,
        "INVALID": 0,
        "MALICIOUS": 0,
        "SANE": 0,
        "VALID": 0,
        "total": 100.00077057836812
    }
}