{
    "counter": {
        "ACTIVE": 405204,
        "INACTIVE": 3,
        "INVALID": 0,
        "MALICIOUS": 0,
        "SANE": 0,
        "VALID": 0,
        "total": 405207
    },
    "percentage": {
        "ACTIVE": 99.99925963766667,
        "INACTIVE": 0.001504158999633988,
        "INVALID": 0,
        "MALICIOUS": 0,
        "SANE": 0,
        "VALID": 0,
        "total": 100.0007637966663
    }
}