{
    "counter": {
        "ACTIVE": 244295,
        "INACTIVE": 3,
        "INVALID": 0,
        "MALICIOUS": 0,
        "SANE": 0,
        "VALID": 0,
        "total": 244298
    },
    "percentage": {
        "ACTIVE": 99.99877199158405,
        "INACTIVE": 0.001504158999633988,
        "INVALID": 0,
        "MALICIOUS": 0,
        "SANE": 0,
        "VALID": 0,
        "total": 100.00027615058369
    }
}