{
    "counter": {
        "ACTIVE": 319928,
        "INACTIVE": 3,
        "INVALID": 0,
        "MALICIOUS": 0,
        "SANE": 0,
        "VALID": 0,
        "total": 319931
    },
    "percentage": {
        "ACTIVE": 99.99906229780797,
        "INACTIVE": 0.001504158999633988,
        "INVALID": 0,
        "MALICIOUS": 0,
        "SANE": 0,
        "VALID": 0,
        "total": 100.0005664568076
    }
}