{
    "counter": {
        "ACTIVE": 281451,
        "INACTIVE": 3,
        "INVALID": 0,
        "MALICIOUS": 0,
        "SANE": 0,
        "VALID": 0,
        "total": 281454
    },
    "percentage": {
        "ACTIVE": 99.99893410646145,
        "INACTIVE": 0.001504158999633988,
        "INVALID": 0,
        "MALICIOUS": 0,
        "SANE": 0,
        "VALID": 0,
        "total": 100.00043826546109
    }
}