{
    "counter": {
        "ACTIVE": 347618,
        "INACTIVE": 3,
        "INVALID": 0,
        "MALICIOUS": 0,
        "SANE": 0,
        "VALID": 0,
        "total": 347621
    },
    "percentage": {
        "ACTIVE": 99.9991369911484,
        "INACTIVE": 0.001504158999633988,
        "INVALID": 0,
        "MALICIOUS": 0,
        "SANE": 0,
        "VALID": 0,
        "total": 100.00064115014804
    }
}