{
    "counter": {
        "ACTIVE": 537,
        "INACTIVE": 1,
        "INVALID": 0,
        "MALICIOUS": 0,
        "SANE": 0,
        "VALID": 0,
        "total": 538
    },
    "percentage": {
        "ACTIVE": 99.81412639405204,
        "INACTIVE": 0.30959752321981426,
        "INVALID": 0,
        "MALICIOUS": 0,
        "SANE": 0,
        "VALID": 0,
        "total": 100.12372391727186
    }
}