{
    "counter": {
        "ACTIVE": 426768,
        "INACTIVE": 4,
        "INVALID": 0,
        "MALICIOUS": 0,
        "SANE": 0,
        "VALID": 0,
        "total": 426772
    },
    "percentage": {
        "ACTIVE": 99.9990627313882,
        "INACTIVE": 0.0009682955819093336,
        "INVALID": 0,
        "MALICIOUS": 0,
        "SANE": 0,
        "VALID": 0,
        "total": 100.0000310269701
    }
}