{
    "counter": {
        "ACTIVE": 177942,
        "INACTIVE": 2,
        "INVALID": 0,
        "MALICIOUS": 0,
        "SANE": 0,
        "VALID": 0,
        "total": 177944
    },
    "percentage": {
        "ACTIVE": 99.99887605089242,
        "INACTIVE": 0.0013050145182865159,
        "INVALID": 0,
        "MALICIOUS": 0,
        "SANE": 0,
        "VALID": 0,
        "total": 100.0001810654107
    }
}