{
    "counter": {
        "ACTIVE": 395819,
        "INACTIVE": 3,
        "INVALID": 0,
        "MALICIOUS": 0,
        "SANE": 0,
        "VALID": 0,
        "total": 395822
    },
    "percentage": {
        "ACTIVE": 99.99924208356282,
        "INACTIVE": 0.001504158999633988,
        "INVALID": 0,
        "MALICIOUS": 0,
        "SANE": 0,
        "VALID": 0,
        "total": 100.00074624256246
    }
}