{
    "counter": {
        "ACTIVE": 238200,
        "INACTIVE": 3,
        "INVALID": 0,
        "MALICIOUS": 0,
        "SANE": 0,
        "VALID": 0,
        "total": 238203
    },
    "percentage": {
        "ACTIVE": 99.99874057001801,
        "INACTIVE": 0.001504158999633988,
        "INVALID": 0,
        "MALICIOUS": 0,
        "SANE": 0,
        "VALID": 0,
        "total": 100.00024472901765
    }
}