{
    "counter": {
        "ACTIVE": 360602,
        "INACTIVE": 3,
        "INVALID": 0,
        "MALICIOUS": 0,
        "SANE": 0,
        "VALID": 0,
        "total": 360605
    },
    "percentage": {
        "ACTIVE": 99.99916806478002,
        "INACTIVE": 0.001504158999633988,
        "INVALID": 0,
        "MALICIOUS": 0,
        "SANE": 0,
        "VALID": 0,
        "total": 100.00067222377966
    }
}