{
    "counter": {
        "ACTIVE": 448867,
        "INACTIVE": 4,
        "INVALID": 0,
        "MALICIOUS": 0,
        "SANE": 0,
        "VALID": 0,
        "total": 448871
    },
    "percentage": {
        "ACTIVE": 99.99910887537845,
        "INACTIVE": 0.0009682955819093336,
        "INVALID": 0,
        "MALICIOUS": 0,
        "SANE": 0,
        "VALID": 0,
        "total": 100.00007717096037
    }
}