{
    "counter": {
        "ACTIVE": 320235,
        "INACTIVE": 3,
        "INVALID": 0,
        "MALICIOUS": 0,
        "SANE": 0,
        "VALID": 0,
        "total": 320238
    },
    "percentage": {
        "ACTIVE": 99.99906319674741,
        "INACTIVE": 0.001504158999633988,
        "INVALID": 0,
        "MALICIOUS": 0,
        "SANE": 0,
        "VALID": 0,
        "total": 100.00056735574705
    }
}