{
    "counter": {
        "ACTIVE": 342618,
        "INACTIVE": 3,
        "INVALID": 0,
        "MALICIOUS": 0,
        "SANE": 0,
        "VALID": 0,
        "total": 342621
    },
    "percentage": {
        "ACTIVE": 99.99912439692838,
        "INACTIVE": 0.001504158999633988,
        "INVALID": 0,
        "MALICIOUS": 0,
        "SANE": 0,
        "VALID": 0,
        "total": 100.00062855592802
    }
}