{
    "counter": {
        "ACTIVE": 417221,
        "INACTIVE": 4,
        "INVALID": 0,
        "MALICIOUS": 0,
        "SANE": 0,
        "VALID": 0,
        "total": 417225
    },
    "percentage": {
        "ACTIVE": 99.99904128467853,
        "INACTIVE": 0.0009682955819093336,
        "INVALID": 0,
        "MALICIOUS": 0,
        "SANE": 0,
        "VALID": 0,
        "total": 100.00000958026044
    }
}