{
    "counter": {
        "ACTIVE": 250319,
        "INACTIVE": 3,
        "INVALID": 0,
        "MALICIOUS": 0,
        "SANE": 0,
        "VALID": 0,
        "total": 250322
    },
    "percentage": {
        "ACTIVE": 99.99880154361183,
        "INACTIVE": 0.001504158999633988,
        "INVALID": 0,
        "MALICIOUS": 0,
        "SANE": 0,
        "VALID": 0,
        "total": 100.00030570261147
    }
}