{
    "counter": {
        "ACTIVE": 317531,
        "INACTIVE": 3,
        "INVALID": 0,
        "MALICIOUS": 0,
        "SANE": 0,
        "VALID": 0,
        "total": 317534
    },
    "percentage": {
        "ACTIVE": 99.9990552192836,
        "INACTIVE": 0.001504158999633988,
        "INVALID": 0,
        "MALICIOUS": 0,
        "SANE": 0,
        "VALID": 0,
        "total": 100.00055937828324
    }
}