{
    "counter": {
        "ACTIVE": 393588,
        "INACTIVE": 3,
        "INVALID": 0,
        "MALICIOUS": 0,
        "SANE": 0,
        "VALID": 0,
        "total": 393591
    },
    "percentage": {
        "ACTIVE": 99.9992377874494,
        "INACTIVE": 0.001504158999633988,
        "INVALID": 0,
        "MALICIOUS": 0,
        "SANE": 0,
        "VALID": 0,
        "total": 100.00074194644904
    }
}