{
    "counter": {
        "ACTIVE": 308431,
        "INACTIVE": 3,
        "INVALID": 0,
        "MALICIOUS": 0,
        "SANE": 0,
        "VALID": 0,
        "total": 308434
    },
    "percentage": {
        "ACTIVE": 99.99902734458587,
        "INACTIVE": 0.001504158999633988,
        "INVALID": 0,
        "MALICIOUS": 0,
        "SANE": 0,
        "VALID": 0,
        "total": 100.0005315035855
    }
}