{
    "counter": {
        "ACTIVE": 384266,
        "INACTIVE": 3,
        "INVALID": 0,
        "MALICIOUS": 0,
        "SANE": 0,
        "VALID": 0,
        "total": 384269
    },
    "percentage": {
        "ACTIVE": 99.99921929689879,
        "INACTIVE": 0.001504158999633988,
        "INVALID": 0,
        "MALICIOUS": 0,
        "SANE": 0,
        "VALID": 0,
        "total": 100.00072345589842
    }
}