{
    "counter": {
        "ACTIVE": 417,
        "INACTIVE": 2,
        "INVALID": 0,
        "MALICIOUS": 0,
        "SANE": 0,
        "VALID": 0,
        "total": 419
    },
    "percentage": {
        "ACTIVE": 99.52267303102626,
        "INACTIVE": 0.5037783375314862,
        "INVALID": 0,
        "MALICIOUS": 0,
        "SANE": 0,
        "VALID": 0,
        "total": 100.02645136855774
    }
}