{
    "counter": {
        "ACTIVE": 368622,
        "INACTIVE": 3,
        "INVALID": 0,
        "MALICIOUS": 0,
        "SANE": 0,
        "VALID": 0,
        "total": 368625
    },
    "percentage": {
        "ACTIVE": 99.99918616480163,
        "INACTIVE": 0.001504158999633988,
        "INVALID": 0,
        "MALICIOUS": 0,
        "SANE": 0,
        "VALID": 0,
        "total": 100.00069032380127
    }
}