{
    "counter": {
        "ACTIVE": 413268,
        "INACTIVE": 4,
        "INVALID": 0,
        "MALICIOUS": 0,
        "SANE": 0,
        "VALID": 0,
        "total": 413272
    },
    "percentage": {
        "ACTIVE": 99.99903211444278,
        "INACTIVE": 0.0009683377755828788,
        "INVALID": 0,
        "MALICIOUS": 0,
        "SANE": 0,
        "VALID": 0,
        "total": 100.00000045221837
    }
}