{
    "counter": {
        "ACTIVE": 343566,
        "INACTIVE": 3,
        "INVALID": 0,
        "MALICIOUS": 0,
        "SANE": 0,
        "VALID": 0,
        "total": 343569
    },
    "percentage": {
        "ACTIVE": 99.9991268129546,
        "INACTIVE": 0.001504158999633988,
        "INVALID": 0,
        "MALICIOUS": 0,
        "SANE": 0,
        "VALID": 0,
        "total": 100.00063097195424
    }
}