{
    "counter": {
        "ACTIVE": 256662,
        "INACTIVE": 3,
        "INVALID": 0,
        "MALICIOUS": 0,
        "SANE": 0,
        "VALID": 0,
        "total": 256665
    },
    "percentage": {
        "ACTIVE": 99.99883116124131,
        "INACTIVE": 0.001504158999633988,
        "INVALID": 0,
        "MALICIOUS": 0,
        "SANE": 0,
        "VALID": 0,
        "total": 100.00033532024095
    }
}