{
    "counter": {
        "ACTIVE": 423126,
        "INACTIVE": 4,
        "INVALID": 0,
        "MALICIOUS": 0,
        "SANE": 0,
        "VALID": 0,
        "total": 423130
    },
    "percentage": {
        "ACTIVE": 99.99905466405124,
        "INACTIVE": 0.0009682955819093336,
        "INVALID": 0,
        "MALICIOUS": 0,
        "SANE": 0,
        "VALID": 0,
        "total": 100.00002295963316
    }
}