{
    "counter": {
        "ACTIVE": 295023,
        "INACTIVE": 3,
        "INVALID": 0,
        "MALICIOUS": 0,
        "SANE": 0,
        "VALID": 0,
        "total": 295026
    },
    "percentage": {
        "ACTIVE": 99.99898314046898,
        "INACTIVE": 0.001504158999633988,
        "INVALID": 0,
        "MALICIOUS": 0,
        "SANE": 0,
        "VALID": 0,
        "total": 100.00048729946862
    }
}