{
    "counter": {
        "ACTIVE": 155845,
        "INACTIVE": 2,
        "INVALID": 0,
        "MALICIOUS": 0,
        "SANE": 0,
        "VALID": 0,
        "total": 155847
    },
    "percentage": {
        "ACTIVE": 99.99871669008708,
        "INACTIVE": 0.0013050145182865159,
        "INVALID": 0,
        "MALICIOUS": 0,
        "SANE": 0,
        "VALID": 0,
        "total": 100.00002170460536
    }
}