{
    "counter": {
        "ACTIVE": 751,
        "INACTIVE": 13,
        "INVALID": 0,
        "MALICIOUS": 0,
        "SANE": 0,
        "VALID": 0,
        "total": 764
    },
    "percentage": {
        "ACTIVE": 98.29842931937172,
        "INACTIVE": 2.376599634369287,
        "INVALID": 0,
        "MALICIOUS": 0,
        "SANE": 0,
        "VALID": 0,
        "total": 100.675028953741
    }
}