{
    "counter": {
        "ACTIVE": 276496,
        "INACTIVE": 3,
        "INVALID": 0,
        "MALICIOUS": 0,
        "SANE": 0,
        "VALID": 0,
        "total": 276499
    },
    "percentage": {
        "ACTIVE": 99.99891500511755,
        "INACTIVE": 0.001504158999633988,
        "INVALID": 0,
        "MALICIOUS": 0,
        "SANE": 0,
        "VALID": 0,
        "total": 100.00041916411719
    }
}