{
    "counter": {
        "ACTIVE": 390581,
        "INACTIVE": 3,
        "INVALID": 0,
        "MALICIOUS": 0,
        "SANE": 0,
        "VALID": 0,
        "total": 390584
    },
    "percentage": {
        "ACTIVE": 99.99923191938225,
        "INACTIVE": 0.001504158999633988,
        "INVALID": 0,
        "MALICIOUS": 0,
        "SANE": 0,
        "VALID": 0,
        "total": 100.00073607838189
    }
}