{
    "counter": {
        "ACTIVE": 173589,
        "INACTIVE": 2,
        "INVALID": 0,
        "MALICIOUS": 0,
        "SANE": 0,
        "VALID": 0,
        "total": 173591
    },
    "percentage": {
        "ACTIVE": 99.99884786653686,
        "INACTIVE": 0.0013050145182865159,
        "INVALID": 0,
        "MALICIOUS": 0,
        "SANE": 0,
        "VALID": 0,
        "total": 100.00015288105514
    }
}