{
    "counter": {
        "ACTIVE": 156801,
        "INACTIVE": 2,
        "INVALID": 0,
        "MALICIOUS": 0,
        "SANE": 0,
        "VALID": 0,
        "total": 156803
    },
    "percentage": {
        "ACTIVE": 99.99872451419935,
        "INACTIVE": 0.0013050145182865159,
        "INVALID": 0,
        "MALICIOUS": 0,
        "SANE": 0,
        "VALID": 0,
        "total": 100.00002952871763
    }
}