{
    "counter": {
        "ACTIVE": 401614,
        "INACTIVE": 3,
        "INVALID": 0,
        "MALICIOUS": 0,
        "SANE": 0,
        "VALID": 0,
        "total": 401617
    },
    "percentage": {
        "ACTIVE": 99.99925301966799,
        "INACTIVE": 0.001504158999633988,
        "INVALID": 0,
        "MALICIOUS": 0,
        "SANE": 0,
        "VALID": 0,
        "total": 100.00075717866763
    }
}