{
    "counter": {
        "ACTIVE": 341872,
        "INACTIVE": 3,
        "INVALID": 0,
        "MALICIOUS": 0,
        "SANE": 0,
        "VALID": 0,
        "total": 341875
    },
    "percentage": {
        "ACTIVE": 99.99912248628885,
        "INACTIVE": 0.001504158999633988,
        "INVALID": 0,
        "MALICIOUS": 0,
        "SANE": 0,
        "VALID": 0,
        "total": 100.00062664528849
    }
}