{
    "counter": {
        "ACTIVE": 394626,
        "INACTIVE": 3,
        "INVALID": 0,
        "MALICIOUS": 0,
        "SANE": 0,
        "VALID": 0,
        "total": 394629
    },
    "percentage": {
        "ACTIVE": 99.99923979231126,
        "INACTIVE": 0.001504158999633988,
        "INVALID": 0,
        "MALICIOUS": 0,
        "SANE": 0,
        "VALID": 0,
        "total": 100.0007439513109
    }
}