{
    "counter": {
        "ACTIVE": 300,
        "INACTIVE": 1,
        "INVALID": 0,
        "MALICIOUS": 0,
        "SANE": 0,
        "VALID": 0,
        "total": 301
    },
    "percentage": {
        "ACTIVE": 99.66777408637874,
        "INACTIVE": 0.8333333333333334,
        "INVALID": 0,
        "MALICIOUS": 0,
        "SANE": 0,
        "VALID": 0,
        "total": 100.50110741971207
    }
}