{
    "counter": {
        "ACTIVE": 248899,
        "INACTIVE": 3,
        "INVALID": 0,
        "MALICIOUS": 0,
        "SANE": 0,
        "VALID": 0,
        "total": 248902
    },
    "percentage": {
        "ACTIVE": 99.9987947063503,
        "INACTIVE": 0.001504158999633988,
        "INVALID": 0,
        "MALICIOUS": 0,
        "SANE": 0,
        "VALID": 0,
        "total": 100.00029886534993
    }
}