{
    "counter": {
        "ACTIVE": 383601,
        "INACTIVE": 3,
        "INVALID": 0,
        "MALICIOUS": 0,
        "SANE": 0,
        "VALID": 0,
        "total": 383604
    },
    "percentage": {
        "ACTIVE": 99.99921794350423,
        "INACTIVE": 0.001504158999633988,
        "INVALID": 0,
        "MALICIOUS": 0,
        "SANE": 0,
        "VALID": 0,
        "total": 100.00072210250387
    }
}