{
    "counter": {
        "ACTIVE": 301257,
        "INACTIVE": 3,
        "INVALID": 0,
        "MALICIOUS": 0,
        "SANE": 0,
        "VALID": 0,
        "total": 301260
    },
    "percentage": {
        "ACTIVE": 99.99900418243378,
        "INACTIVE": 0.001504158999633988,
        "INVALID": 0,
        "MALICIOUS": 0,
        "SANE": 0,
        "VALID": 0,
        "total": 100.00050834143342
    }
}