{
    "counter": {
        "ACTIVE": 195155,
        "INACTIVE": 2,
        "INVALID": 0,
        "MALICIOUS": 0,
        "SANE": 0,
        "VALID": 0,
        "total": 195157
    },
    "percentage": {
        "ACTIVE": 99.99897518408255,
        "INACTIVE": 0.0013050145182865159,
        "INVALID": 0,
        "MALICIOUS": 0,
        "SANE": 0,
        "VALID": 0,
        "total": 100.00028019860083
    }
}