{
    "counter": {
        "ACTIVE": 426923,
        "INACTIVE": 4,
        "INVALID": 0,
        "MALICIOUS": 0,
        "SANE": 0,
        "VALID": 0,
        "total": 426927
    },
    "percentage": {
        "ACTIVE": 99.99906307167268,
        "INACTIVE": 0.0009682955819093336,
        "INVALID": 0,
        "MALICIOUS": 0,
        "SANE": 0,
        "VALID": 0,
        "total": 100.00003136725459
    }
}