{
    "counter": {
        "ACTIVE": 212338,
        "INACTIVE": 3,
        "INVALID": 0,
        "MALICIOUS": 0,
        "SANE": 0,
        "VALID": 0,
        "total": 212341
    },
    "percentage": {
        "ACTIVE": 99.99858717817096,
        "INACTIVE": 0.001504158999633988,
        "INVALID": 0,
        "MALICIOUS": 0,
        "SANE": 0,
        "VALID": 0,
        "total": 100.0000913371706
    }
}