{
    "counter": {
        "ACTIVE": 458,
        "INACTIVE": 7,
        "INVALID": 0,
        "MALICIOUS": 0,
        "SANE": 0,
        "VALID": 0,
        "total": 465
    },
    "percentage": {
        "ACTIVE": 98.49462365591398,
        "INACTIVE": 1.511879049676026,
        "INVALID": 0,
        "MALICIOUS": 0,
        "SANE": 0,
        "VALID": 0,
        "total": 100.00650270559001
    }
}