{
    "counter": {
        "ACTIVE": 753,
        "INACTIVE": 5,
        "INVALID": 0,
        "MALICIOUS": 0,
        "SANE": 0,
        "VALID": 0,
        "total": 758
    },
    "percentage": {
        "ACTIVE": 99.34036939313984,
        "INACTIVE": 0.929368029739777,
        "INVALID": 0,
        "MALICIOUS": 0,
        "SANE": 0,
        "VALID": 0,
        "total": 100.26973742287961
    }
}