{
    "counter": {
        "ACTIVE": 721,
        "INACTIVE": 9,
        "INVALID": 0,
        "MALICIOUS": 0,
        "SANE": 0,
        "VALID": 0,
        "total": 730
    },
    "percentage": {
        "ACTIVE": 98.76712328767124,
        "INACTIVE": 1.6483516483516483,
        "INVALID": 0,
        "MALICIOUS": 0,
        "SANE": 0,
        "VALID": 0,
        "total": 100.41547493602289
    }
}