{
    "counter": {
        "ACTIVE": 772,
        "INACTIVE": 9,
        "INVALID": 0,
        "MALICIOUS": 0,
        "SANE": 0,
        "VALID": 0,
        "total": 781
    },
    "percentage": {
        "ACTIVE": 98.84763124199743,
        "INACTIVE": 1.675977653631285,
        "INVALID": 0,
        "MALICIOUS": 0,
        "SANE": 0,
        "VALID": 0,
        "total": 100.52360889562871
    }
}