{
    "counter": {
        "ACTIVE": 453628,
        "INACTIVE": 4,
        "INVALID": 0,
        "MALICIOUS": 0,
        "SANE": 0,
        "VALID": 0,
        "total": 453632
    },
    "percentage": {
        "ACTIVE": 99.99911822799098,
        "INACTIVE": 0.0009682955819093336,
        "INVALID": 0,
        "MALICIOUS": 0,
        "SANE": 0,
        "VALID": 0,
        "total": 100.00008652357289
    }
}