{
    "counter": {
        "ACTIVE": 356425,
        "INACTIVE": 3,
        "INVALID": 0,
        "MALICIOUS": 0,
        "SANE": 0,
        "VALID": 0,
        "total": 356428
    },
    "percentage": {
        "ACTIVE": 99.99915831528388,
        "INACTIVE": 0.001504158999633988,
        "INVALID": 0,
        "MALICIOUS": 0,
        "SANE": 0,
        "VALID": 0,
        "total": 100.00066247428352
    }
}