{
    "counter": {
        "ACTIVE": 272385,
        "INACTIVE": 3,
        "INVALID": 0,
        "MALICIOUS": 0,
        "SANE": 0,
        "VALID": 0,
        "total": 272388
    },
    "percentage": {
        "ACTIVE": 99.99889862989559,
        "INACTIVE": 0.001504158999633988,
        "INVALID": 0,
        "MALICIOUS": 0,
        "SANE": 0,
        "VALID": 0,
        "total": 100.00040278889523
    }
}