{
    "counter": {
        "ACTIVE": 185838,
        "INACTIVE": 2,
        "INVALID": 0,
        "MALICIOUS": 0,
        "SANE": 0,
        "VALID": 0,
        "total": 185840
    },
    "percentage": {
        "ACTIVE": 99.99892380542403,
        "INACTIVE": 0.0013050145182865159,
        "INVALID": 0,
        "MALICIOUS": 0,
        "SANE": 0,
        "VALID": 0,
        "total": 100.00022881994231
    }
}