{
    "counter": {
        "ACTIVE": 706,
        "INACTIVE": 1,
        "INVALID": 0,
        "MALICIOUS": 0,
        "SANE": 0,
        "VALID": 0,
        "total": 707
    },
    "percentage": {
        "ACTIVE": 99.85855728429986,
        "INACTIVE": 0.2680965147453083,
        "INVALID": 0,
        "MALICIOUS": 0,
        "SANE": 0,
        "VALID": 0,
        "total": 100.12665379904517
    }
}