{
    "counter": {
        "ACTIVE": 231315,
        "INACTIVE": 3,
        "INVALID": 0,
        "MALICIOUS": 0,
        "SANE": 0,
        "VALID": 0,
        "total": 231318
    },
    "percentage": {
        "ACTIVE": 99.9987030840661,
        "INACTIVE": 0.001504158999633988,
        "INVALID": 0,
        "MALICIOUS": 0,
        "SANE": 0,
        "VALID": 0,
        "total": 100.00020724306573
    }
}