{
    "counter": {
        "ACTIVE": 223598,
        "INACTIVE": 3,
        "INVALID": 0,
        "MALICIOUS": 0,
        "SANE": 0,
        "VALID": 0,
        "total": 223601
    },
    "percentage": {
        "ACTIVE": 99.9986583244261,
        "INACTIVE": 0.001504158999633988,
        "INVALID": 0,
        "MALICIOUS": 0,
        "SANE": 0,
        "VALID": 0,
        "total": 100.00016248342574
    }
}