{
    "counter": {
        "ACTIVE": 418959,
        "INACTIVE": 4,
        "INVALID": 0,
        "MALICIOUS": 0,
        "SANE": 0,
        "VALID": 0,
        "total": 418963
    },
    "percentage": {
        "ACTIVE": 99.99904526175342,
        "INACTIVE": 0.0009682955819093336,
        "INVALID": 0,
        "MALICIOUS": 0,
        "SANE": 0,
        "VALID": 0,
        "total": 100.00001355733534
    }
}