{
    "counter": {
        "ACTIVE": 438011,
        "INACTIVE": 4,
        "INVALID": 0,
        "MALICIOUS": 0,
        "SANE": 0,
        "VALID": 0,
        "total": 438015
    },
    "percentage": {
        "ACTIVE": 99.9990867892652,
        "INACTIVE": 0.0009682955819093336,
        "INVALID": 0,
        "MALICIOUS": 0,
        "SANE": 0,
        "VALID": 0,
        "total": 100.00005508484712
    }
}