{
    "counter": {
        "ACTIVE": 445046,
        "INACTIVE": 4,
        "INVALID": 0,
        "MALICIOUS": 0,
        "SANE": 0,
        "VALID": 0,
        "total": 445050
    },
    "percentage": {
        "ACTIVE": 99.99910122458151,
        "INACTIVE": 0.0009682955819093336,
        "INVALID": 0,
        "MALICIOUS": 0,
        "SANE": 0,
        "VALID": 0,
        "total": 100.00006952016342
    }
}