{
    "counter": {
        "ACTIVE": 440061,
        "INACTIVE": 4,
        "INVALID": 0,
        "MALICIOUS": 0,
        "SANE": 0,
        "VALID": 0,
        "total": 440065
    },
    "percentage": {
        "ACTIVE": 99.9990910433686,
        "INACTIVE": 0.0009682955819093336,
        "INVALID": 0,
        "MALICIOUS": 0,
        "SANE": 0,
        "VALID": 0,
        "total": 100.0000593389505
    }
}