{
    "counter": {
        "ACTIVE": 231054,
        "INACTIVE": 3,
        "INVALID": 0,
        "MALICIOUS": 0,
        "SANE": 0,
        "VALID": 0,
        "total": 231057
    },
    "percentage": {
        "ACTIVE": 99.998701619081,
        "INACTIVE": 0.001504158999633988,
        "INVALID": 0,
        "MALICIOUS": 0,
        "SANE": 0,
        "VALID": 0,
        "total": 100.00020577808064
    }
}