{
    "counter": {
        "ACTIVE": 441816,
        "INACTIVE": 4,
        "INVALID": 0,
        "MALICIOUS": 0,
        "SANE": 0,
        "VALID": 0,
        "total": 441820
    },
    "percentage": {
        "ACTIVE": 99.99909465393146,
        "INACTIVE": 0.0009682955819093336,
        "INVALID": 0,
        "MALICIOUS": 0,
        "SANE": 0,
        "VALID": 0,
        "total": 100.00006294951338
    }
}