{
    "counter": {
        "ACTIVE": 421,
        "INACTIVE": 4,
        "INVALID": 0,
        "MALICIOUS": 0,
        "SANE": 0,
        "VALID": 0,
        "total": 425
    },
    "percentage": {
        "ACTIVE": 99.05882352941177,
        "INACTIVE": 0.9615384615384616,
        "INVALID": 0,
        "MALICIOUS": 0,
        "SANE": 0,
        "VALID": 0,
        "total": 100.02036199095024
    }
}