{
    "counter": {
        "ACTIVE": 387491,
        "INACTIVE": 3,
        "INVALID": 0,
        "MALICIOUS": 0,
        "SANE": 0,
        "VALID": 0,
        "total": 387494
    },
    "percentage": {
        "ACTIVE": 99.99922579446391,
        "INACTIVE": 0.001504158999633988,
        "INVALID": 0,
        "MALICIOUS": 0,
        "SANE": 0,
        "VALID": 0,
        "total": 100.00072995346355
    }
}