{
    "counter": {
        "ACTIVE": 776,
        "INACTIVE": 1,
        "INVALID": 0,
        "MALICIOUS": 0,
        "SANE": 0,
        "VALID": 0,
        "total": 777
    },
    "percentage": {
        "ACTIVE": 99.87129987129987,
        "INACTIVE": 0.2183406113537118,
        "INVALID": 0,
        "MALICIOUS": 0,
        "SANE": 0,
        "VALID": 0,
        "total": 100.08964048265358
    }
}