{
    "counter": {
        "ACTIVE": 276974,
        "INACTIVE": 3,
        "INVALID": 0,
        "MALICIOUS": 0,
        "SANE": 0,
        "VALID": 0,
        "total": 276977
    },
    "percentage": {
        "ACTIVE": 99.99891687757467,
        "INACTIVE": 0.001504158999633988,
        "INVALID": 0,
        "MALICIOUS": 0,
        "SANE": 0,
        "VALID": 0,
        "total": 100.00042103657431
    }
}