{
    "counter": {
        "ACTIVE": 275205,
        "INACTIVE": 3,
        "INVALID": 0,
        "MALICIOUS": 0,
        "SANE": 0,
        "VALID": 0,
        "total": 275208
    },
    "percentage": {
        "ACTIVE": 99.99890991540944,
        "INACTIVE": 0.001504158999633988,
        "INVALID": 0,
        "MALICIOUS": 0,
        "SANE": 0,
        "VALID": 0,
        "total": 100.00041407440908
    }
}