{
    "counter": {
        "ACTIVE": 642,
        "INACTIVE": 8,
        "INVALID": 0,
        "MALICIOUS": 0,
        "SANE": 0,
        "VALID": 0,
        "total": 650
    },
    "percentage": {
        "ACTIVE": 98.76923076923077,
        "INACTIVE": 1.4311270125223614,
        "INVALID": 0,
        "MALICIOUS": 0,
        "SANE": 0,
        "VALID": 0,
        "total": 100.20035778175314
    }
}