{
    "counter": {
        "ACTIVE": 447923,
        "INACTIVE": 4,
        "INVALID": 0,
        "MALICIOUS": 0,
        "SANE": 0,
        "VALID": 0,
        "total": 447927
    },
    "percentage": {
        "ACTIVE": 99.99910699734555,
        "INACTIVE": 0.0009682955819093336,
        "INVALID": 0,
        "MALICIOUS": 0,
        "SANE": 0,
        "VALID": 0,
        "total": 100.00007529292746
    }
}