{
    "counter": {
        "ACTIVE": 424854,
        "INACTIVE": 4,
        "INVALID": 0,
        "MALICIOUS": 0,
        "SANE": 0,
        "VALID": 0,
        "total": 424858
    },
    "percentage": {
        "ACTIVE": 99.99905850896064,
        "INACTIVE": 0.0009682955819093336,
        "INVALID": 0,
        "MALICIOUS": 0,
        "SANE": 0,
        "VALID": 0,
        "total": 100.00002680454256
    }
}