{
    "counter": {
        "ACTIVE": 397007,
        "INACTIVE": 3,
        "INVALID": 0,
        "MALICIOUS": 0,
        "SANE": 0,
        "VALID": 0,
        "total": 397010
    },
    "percentage": {
        "ACTIVE": 99.99924435152766,
        "INACTIVE": 0.001504158999633988,
        "INVALID": 0,
        "MALICIOUS": 0,
        "SANE": 0,
        "VALID": 0,
        "total": 100.0007485105273
    }
}