{
    "counter": {
        "ACTIVE": 365361,
        "INACTIVE": 3,
        "INVALID": 0,
        "MALICIOUS": 0,
        "SANE": 0,
        "VALID": 0,
        "total": 365364
    },
    "percentage": {
        "ACTIVE": 99.99917890104115,
        "INACTIVE": 0.001504158999633988,
        "INVALID": 0,
        "MALICIOUS": 0,
        "SANE": 0,
        "VALID": 0,
        "total": 100.00068306004079
    }
}