{
    "counter": {
        "ACTIVE": 391515,
        "INACTIVE": 3,
        "INVALID": 0,
        "MALICIOUS": 0,
        "SANE": 0,
        "VALID": 0,
        "total": 391518
    },
    "percentage": {
        "ACTIVE": 99.9992337517049,
        "INACTIVE": 0.001504158999633988,
        "INVALID": 0,
        "MALICIOUS": 0,
        "SANE": 0,
        "VALID": 0,
        "total": 100.00073791070454
    }
}