{
    "counter": {
        "ACTIVE": 258314,
        "INACTIVE": 3,
        "INVALID": 0,
        "MALICIOUS": 0,
        "SANE": 0,
        "VALID": 0,
        "total": 258317
    },
    "percentage": {
        "ACTIVE": 99.99883863624926,
        "INACTIVE": 0.001504158999633988,
        "INVALID": 0,
        "MALICIOUS": 0,
        "SANE": 0,
        "VALID": 0,
        "total": 100.0003427952489
    }
}