{
    "counter": {
        "ACTIVE": 380646,
        "INACTIVE": 3,
        "INVALID": 0,
        "MALICIOUS": 0,
        "SANE": 0,
        "VALID": 0,
        "total": 380649
    },
    "percentage": {
        "ACTIVE": 99.99921187235485,
        "INACTIVE": 0.001504158999633988,
        "INVALID": 0,
        "MALICIOUS": 0,
        "SANE": 0,
        "VALID": 0,
        "total": 100.00071603135449
    }
}