{
    "counter": {
        "ACTIVE": 439182,
        "INACTIVE": 4,
        "INVALID": 0,
        "MALICIOUS": 0,
        "SANE": 0,
        "VALID": 0,
        "total": 439186
    },
    "percentage": {
        "ACTIVE": 99.9990892241556,
        "INACTIVE": 0.0009682955819093336,
        "INVALID": 0,
        "MALICIOUS": 0,
        "SANE": 0,
        "VALID": 0,
        "total": 100.00005751973751
    }
}