{
    "counter": {
        "ACTIVE": 402253,
        "INACTIVE": 3,
        "INVALID": 0,
        "MALICIOUS": 0,
        "SANE": 0,
        "VALID": 0,
        "total": 402256
    },
    "percentage": {
        "ACTIVE": 99.9992542062766,
        "INACTIVE": 0.001504158999633988,
        "INVALID": 0,
        "MALICIOUS": 0,
        "SANE": 0,
        "VALID": 0,
        "total": 100.00075836527624
    }
}