{
    "counter": {
        "ACTIVE": 372711,
        "INACTIVE": 3,
        "INVALID": 0,
        "MALICIOUS": 0,
        "SANE": 0,
        "VALID": 0,
        "total": 372714
    },
    "percentage": {
        "ACTIVE": 99.99919509328869,
        "INACTIVE": 0.001504158999633988,
        "INVALID": 0,
        "MALICIOUS": 0,
        "SANE": 0,
        "VALID": 0,
        "total": 100.00069925228833
    }
}