{
    "counter": {
        "ACTIVE": 227974,
        "INACTIVE": 3,
        "INVALID": 0,
        "MALICIOUS": 0,
        "SANE": 0,
        "VALID": 0,
        "total": 227977
    },
    "percentage": {
        "ACTIVE": 99.99868407777977,
        "INACTIVE": 0.001504158999633988,
        "INVALID": 0,
        "MALICIOUS": 0,
        "SANE": 0,
        "VALID": 0,
        "total": 100.00018823677941
    }
}