{
    "counter": {
        "ACTIVE": 446605,
        "INACTIVE": 4,
        "INVALID": 0,
        "MALICIOUS": 0,
        "SANE": 0,
        "VALID": 0,
        "total": 446609
    },
    "percentage": {
        "ACTIVE": 99.99910436198107,
        "INACTIVE": 0.0009682955819093336,
        "INVALID": 0,
        "MALICIOUS": 0,
        "SANE": 0,
        "VALID": 0,
        "total": 100.00007265756298
    }
}