{
    "counter": {
        "ACTIVE": 783,
        "INACTIVE": 11,
        "INVALID": 0,
        "MALICIOUS": 0,
        "SANE": 0,
        "VALID": 0,
        "total": 794
    },
    "percentage": {
        "ACTIVE": 98.6146095717884,
        "INACTIVE": 1.4473684210526316,
        "INVALID": 0,
        "MALICIOUS": 0,
        "SANE": 0,
        "VALID": 0,
        "total": 100.06197799284104
    }
}