{
    "counter": {
        "ACTIVE": 286901,
        "INACTIVE": 3,
        "INVALID": 0,
        "MALICIOUS": 0,
        "SANE": 0,
        "VALID": 0,
        "total": 286904
    },
    "percentage": {
        "ACTIVE": 99.99895435406965,
        "INACTIVE": 0.001504158999633988,
        "INVALID": 0,
        "MALICIOUS": 0,
        "SANE": 0,
        "VALID": 0,
        "total": 100.00045851306929
    }
}