{
    "counter": {
        "ACTIVE": 434,
        "INACTIVE": 4,
        "INVALID": 0,
        "MALICIOUS": 0,
        "SANE": 0,
        "VALID": 0,
        "total": 438
    },
    "percentage": {
        "ACTIVE": 99.08675799086758,
        "INACTIVE": 0.9433962264150944,
        "INVALID": 0,
        "MALICIOUS": 0,
        "SANE": 0,
        "VALID": 0,
        "total": 100.03015421728267
    }
}