{
    "counter": {
        "ACTIVE": 355500,
        "INACTIVE": 3,
        "INVALID": 0,
        "MALICIOUS": 0,
        "SANE": 0,
        "VALID": 0,
        "total": 355503
    },
    "percentage": {
        "ACTIVE": 99.99915612526476,
        "INACTIVE": 0.001504158999633988,
        "INVALID": 0,
        "MALICIOUS": 0,
        "SANE": 0,
        "VALID": 0,
        "total": 100.0006602842644
    }
}