{
    "counter": {
        "ACTIVE": 274466,
        "INACTIVE": 3,
        "INVALID": 0,
        "MALICIOUS": 0,
        "SANE": 0,
        "VALID": 0,
        "total": 274469
    },
    "percentage": {
        "ACTIVE": 99.99890698038759,
        "INACTIVE": 0.001504158999633988,
        "INVALID": 0,
        "MALICIOUS": 0,
        "SANE": 0,
        "VALID": 0,
        "total": 100.00041113938723
    }
}