{
    "counter": {
        "ACTIVE": 421014,
        "INACTIVE": 4,
        "INVALID": 0,
        "MALICIOUS": 0,
        "SANE": 0,
        "VALID": 0,
        "total": 421018
    },
    "percentage": {
        "ACTIVE": 99.99904992185607,
        "INACTIVE": 0.0009682955819093336,
        "INVALID": 0,
        "MALICIOUS": 0,
        "SANE": 0,
        "VALID": 0,
        "total": 100.00001821743798
    }
}