{
    "counter": {
        "ACTIVE": 309794,
        "INACTIVE": 3,
        "INVALID": 0,
        "MALICIOUS": 0,
        "SANE": 0,
        "VALID": 0,
        "total": 309797
    },
    "percentage": {
        "ACTIVE": 99.99903162393439,
        "INACTIVE": 0.001504158999633988,
        "INVALID": 0,
        "MALICIOUS": 0,
        "SANE": 0,
        "VALID": 0,
        "total": 100.00053578293402
    }
}