{
    "counter": {
        "ACTIVE": 181379,
        "INACTIVE": 2,
        "INVALID": 0,
        "MALICIOUS": 0,
        "SANE": 0,
        "VALID": 0,
        "total": 181381
    },
    "percentage": {
        "ACTIVE": 99.99889734867489,
        "INACTIVE": 0.0013050145182865159,
        "INVALID": 0,
        "MALICIOUS": 0,
        "SANE": 0,
        "VALID": 0,
        "total": 100.00020236319317
    }
}