{
    "counter": {
        "ACTIVE": 376172,
        "INACTIVE": 3,
        "INVALID": 0,
        "MALICIOUS": 0,
        "SANE": 0,
        "VALID": 0,
        "total": 376175
    },
    "percentage": {
        "ACTIVE": 99.99920249883698,
        "INACTIVE": 0.001504158999633988,
        "INVALID": 0,
        "MALICIOUS": 0,
        "SANE": 0,
        "VALID": 0,
        "total": 100.00070665783662
    }
}