{
    "counter": {
        "ACTIVE": 333576,
        "INACTIVE": 3,
        "INVALID": 0,
        "MALICIOUS": 0,
        "SANE": 0,
        "VALID": 0,
        "total": 333579
    },
    "percentage": {
        "ACTIVE": 99.99910066281151,
        "INACTIVE": 0.001504158999633988,
        "INVALID": 0,
        "MALICIOUS": 0,
        "SANE": 0,
        "VALID": 0,
        "total": 100.00060482181115
    }
}