{
    "counter": {
        "ACTIVE": 300171,
        "INACTIVE": 3,
        "INVALID": 0,
        "MALICIOUS": 0,
        "SANE": 0,
        "VALID": 0,
        "total": 300174
    },
    "percentage": {
        "ACTIVE": 99.9990005796638,
        "INACTIVE": 0.001504158999633988,
        "INVALID": 0,
        "MALICIOUS": 0,
        "SANE": 0,
        "VALID": 0,
        "total": 100.00050473866344
    }
}