{
    "counter": {
        "ACTIVE": 306803,
        "INACTIVE": 3,
        "INVALID": 0,
        "MALICIOUS": 0,
        "SANE": 0,
        "VALID": 0,
        "total": 306806
    },
    "percentage": {
        "ACTIVE": 99.99902218339928,
        "INACTIVE": 0.001504158999633988,
        "INVALID": 0,
        "MALICIOUS": 0,
        "SANE": 0,
        "VALID": 0,
        "total": 100.00052634239891
    }
}