{
    "counter": {
        "ACTIVE": 332819,
        "INACTIVE": 3,
        "INVALID": 0,
        "MALICIOUS": 0,
        "SANE": 0,
        "VALID": 0,
        "total": 332822
    },
    "percentage": {
        "ACTIVE": 99.9990986172789,
        "INACTIVE": 0.001504158999633988,
        "INVALID": 0,
        "MALICIOUS": 0,
        "SANE": 0,
        "VALID": 0,
        "total": 100.00060277627854
    }
}