{
    "counter": {
        "ACTIVE": 235238,
        "INACTIVE": 3,
        "INVALID": 0,
        "MALICIOUS": 0,
        "SANE": 0,
        "VALID": 0,
        "total": 235241
    },
    "percentage": {
        "ACTIVE": 99.99872471210375,
        "INACTIVE": 0.001504158999633988,
        "INVALID": 0,
        "MALICIOUS": 0,
        "SANE": 0,
        "VALID": 0,
        "total": 100.00022887110339
    }
}