{
    "counter": {
        "ACTIVE": 358180,
        "INACTIVE": 3,
        "INVALID": 0,
        "MALICIOUS": 0,
        "SANE": 0,
        "VALID": 0,
        "total": 358183
    },
    "percentage": {
        "ACTIVE": 99.99916243931175,
        "INACTIVE": 0.001504158999633988,
        "INVALID": 0,
        "MALICIOUS": 0,
        "SANE": 0,
        "VALID": 0,
        "total": 100.00066659831138
    }
}