{
    "counter": {
        "ACTIVE": 409473,
        "INACTIVE": 3,
        "INVALID": 0,
        "MALICIOUS": 0,
        "SANE": 0,
        "VALID": 0,
        "total": 409476
    },
    "percentage": {
        "ACTIVE": 99.99926735632857,
        "INACTIVE": 0.001504158999633988,
        "INVALID": 0,
        "MALICIOUS": 0,
        "SANE": 0,
        "VALID": 0,
        "total": 100.00077151532821
    }
}