{
    "counter": {
        "ACTIVE": 538,
        "INACTIVE": 15,
        "INVALID": 0,
        "MALICIOUS": 0,
        "SANE": 0,
        "VALID": 0,
        "total": 553
    },
    "percentage": {
        "ACTIVE": 97.2875226039783,
        "INACTIVE": 2.722323049001815,
        "INVALID": 0,
        "MALICIOUS": 0,
        "SANE": 0,
        "VALID": 0,
        "total": 100.00984565298012
    }
}