{
    "counter": {
        "ACTIVE": 213827,
        "INACTIVE": 3,
        "INVALID": 0,
        "MALICIOUS": 0,
        "SANE": 0,
        "VALID": 0,
        "total": 213830
    },
    "percentage": {
        "ACTIVE": 99.99859701632138,
        "INACTIVE": 0.001504158999633988,
        "INVALID": 0,
        "MALICIOUS": 0,
        "SANE": 0,
        "VALID": 0,
        "total": 100.00010117532102
    }
}