{
    "counter": {
        "ACTIVE": 566,
        "INACTIVE": 17,
        "INVALID": 0,
        "MALICIOUS": 0,
        "SANE": 0,
        "VALID": 0,
        "total": 583
    },
    "percentage": {
        "ACTIVE": 97.08404802744425,
        "INACTIVE": 3.019538188277087,
        "INVALID": 0,
        "MALICIOUS": 0,
        "SANE": 0,
        "VALID": 0,
        "total": 100.10358621572134
    }
}