{
    "counter": {
        "ACTIVE": 418,
        "INACTIVE": 5,
        "INVALID": 0,
        "MALICIOUS": 0,
        "SANE": 0,
        "VALID": 0,
        "total": 423
    },
    "percentage": {
        "ACTIVE": 98.81796690307328,
        "INACTIVE": 1.1904761904761905,
        "INVALID": 0,
        "MALICIOUS": 0,
        "SANE": 0,
        "VALID": 0,
        "total": 100.00844309354947
    }
}