{
    "counter": {
        "ACTIVE": 422185,
        "INACTIVE": 4,
        "INVALID": 0,
        "MALICIOUS": 0,
        "SANE": 0,
        "VALID": 0,
        "total": 422189
    },
    "percentage": {
        "ACTIVE": 99.99905255703014,
        "INACTIVE": 0.0009682955819093336,
        "INVALID": 0,
        "MALICIOUS": 0,
        "SANE": 0,
        "VALID": 0,
        "total": 100.00002085261205
    }
}