{
    "counter": {
        "ACTIVE": 438280,
        "INACTIVE": 4,
        "INVALID": 0,
        "MALICIOUS": 0,
        "SANE": 0,
        "VALID": 0,
        "total": 438284
    },
    "percentage": {
        "ACTIVE": 99.99908734975496,
        "INACTIVE": 0.0009682955819093336,
        "INVALID": 0,
        "MALICIOUS": 0,
        "SANE": 0,
        "VALID": 0,
        "total": 100.00005564533687
    }
}