{
    "counter": {
        "ACTIVE": 750,
        "INACTIVE": 10,
        "INVALID": 0,
        "MALICIOUS": 0,
        "SANE": 0,
        "VALID": 0,
        "total": 760
    },
    "percentage": {
        "ACTIVE": 98.6842105263158,
        "INACTIVE": 1.8656716417910448,
        "INVALID": 0,
        "MALICIOUS": 0,
        "SANE": 0,
        "VALID": 0,
        "total": 100.54988216810683
    }
}