{
    "counter": {
        "ACTIVE": 741,
        "INACTIVE": 12,
        "INVALID": 0,
        "MALICIOUS": 0,
        "SANE": 0,
        "VALID": 0,
        "total": 753
    },
    "percentage": {
        "ACTIVE": 98.40637450199203,
        "INACTIVE": 2.2429906542056073,
        "INVALID": 0,
        "MALICIOUS": 0,
        "SANE": 0,
        "VALID": 0,
        "total": 100.64936515619765
    }
}