{
    "counter": {
        "ACTIVE": 389126,
        "INACTIVE": 3,
        "INVALID": 0,
        "MALICIOUS": 0,
        "SANE": 0,
        "VALID": 0,
        "total": 389129
    },
    "percentage": {
        "ACTIVE": 99.99922904743671,
        "INACTIVE": 0.001504158999633988,
        "INVALID": 0,
        "MALICIOUS": 0,
        "SANE": 0,
        "VALID": 0,
        "total": 100.00073320643635
    }
}