{
    "counter": {
        "ACTIVE": 350865,
        "INACTIVE": 3,
        "INVALID": 0,
        "MALICIOUS": 0,
        "SANE": 0,
        "VALID": 0,
        "total": 350868
    },
    "percentage": {
        "ACTIVE": 99.99914497759842,
        "INACTIVE": 0.001504158999633988,
        "INVALID": 0,
        "MALICIOUS": 0,
        "SANE": 0,
        "VALID": 0,
        "total": 100.00064913659806
    }
}