{
    "counter": {
        "ACTIVE": 221153,
        "INACTIVE": 3,
        "INVALID": 0,
        "MALICIOUS": 0,
        "SANE": 0,
        "VALID": 0,
        "total": 221156
    },
    "percentage": {
        "ACTIVE": 99.99864349147208,
        "INACTIVE": 0.001504158999633988,
        "INVALID": 0,
        "MALICIOUS": 0,
        "SANE": 0,
        "VALID": 0,
        "total": 100.00014765047172
    }
}