{
    "counter": {
        "ACTIVE": 271863,
        "INACTIVE": 3,
        "INVALID": 0,
        "MALICIOUS": 0,
        "SANE": 0,
        "VALID": 0,
        "total": 271866
    },
    "percentage": {
        "ACTIVE": 99.99889651519499,
        "INACTIVE": 0.001504158999633988,
        "INVALID": 0,
        "MALICIOUS": 0,
        "SANE": 0,
        "VALID": 0,
        "total": 100.00040067419462
    }
}