{
    "counter": {
        "ACTIVE": 330930,
        "INACTIVE": 3,
        "INVALID": 0,
        "MALICIOUS": 0,
        "SANE": 0,
        "VALID": 0,
        "total": 330933
    },
    "percentage": {
        "ACTIVE": 99.99909347209254,
        "INACTIVE": 0.001504158999633988,
        "INVALID": 0,
        "MALICIOUS": 0,
        "SANE": 0,
        "VALID": 0,
        "total": 100.00059763109218
    }
}