{
    "counter": {
        "ACTIVE": 406873,
        "INACTIVE": 3,
        "INVALID": 0,
        "MALICIOUS": 0,
        "SANE": 0,
        "VALID": 0,
        "total": 406876
    },
    "percentage": {
        "ACTIVE": 99.99926267462322,
        "INACTIVE": 0.001504158999633988,
        "INVALID": 0,
        "MALICIOUS": 0,
        "SANE": 0,
        "VALID": 0,
        "total": 100.00076683362286
    }
}