{
    "counter": {
        "ACTIVE": 421534,
        "INACTIVE": 4,
        "INVALID": 0,
        "MALICIOUS": 0,
        "SANE": 0,
        "VALID": 0,
        "total": 421538
    },
    "percentage": {
        "ACTIVE": 99.99905109385156,
        "INACTIVE": 0.0009682955819093336,
        "INVALID": 0,
        "MALICIOUS": 0,
        "SANE": 0,
        "VALID": 0,
        "total": 100.00001938943348
    }
}