{
    "counter": {
        "ACTIVE": 268776,
        "INACTIVE": 3,
        "INVALID": 0,
        "MALICIOUS": 0,
        "SANE": 0,
        "VALID": 0,
        "total": 268779
    },
    "percentage": {
        "ACTIVE": 99.99888384137154,
        "INACTIVE": 0.001504158999633988,
        "INVALID": 0,
        "MALICIOUS": 0,
        "SANE": 0,
        "VALID": 0,
        "total": 100.00038800037117
    }
}