{
    "counter": {
        "ACTIVE": 144346,
        "INACTIVE": 1,
        "INVALID": 0,
        "MALICIOUS": 0,
        "SANE": 0,
        "VALID": 0,
        "total": 144347
    },
    "percentage": {
        "ACTIVE": 99.99930722495098,
        "INACTIVE": 0.0007291074266882482,
        "INVALID": 0,
        "MALICIOUS": 0,
        "SANE": 0,
        "VALID": 0,
        "total": 100.00003633237768
    }
}