{
    "counter": {
        "ACTIVE": 381690,
        "INACTIVE": 3,
        "INVALID": 0,
        "MALICIOUS": 0,
        "SANE": 0,
        "VALID": 0,
        "total": 381693
    },
    "percentage": {
        "ACTIVE": 99.99921402802777,
        "INACTIVE": 0.001504158999633988,
        "INVALID": 0,
        "MALICIOUS": 0,
        "SANE": 0,
        "VALID": 0,
        "total": 100.0007181870274
    }
}