{
    "counter": {
        "ACTIVE": 434914,
        "INACTIVE": 4,
        "INVALID": 0,
        "MALICIOUS": 0,
        "SANE": 0,
        "VALID": 0,
        "total": 434918
    },
    "percentage": {
        "ACTIVE": 99.99908028639882,
        "INACTIVE": 0.0009682955819093336,
        "INVALID": 0,
        "MALICIOUS": 0,
        "SANE": 0,
        "VALID": 0,
        "total": 100.00004858198074
    }
}