{
    "counter": {
        "ACTIVE": 304867,
        "INACTIVE": 3,
        "INVALID": 0,
        "MALICIOUS": 0,
        "SANE": 0,
        "VALID": 0,
        "total": 304870
    },
    "percentage": {
        "ACTIVE": 99.99901597402172,
        "INACTIVE": 0.001504158999633988,
        "INVALID": 0,
        "MALICIOUS": 0,
        "SANE": 0,
        "VALID": 0,
        "total": 100.00052013302135
    }
}