{
    "counter": {
        "ACTIVE": 758,
        "INACTIVE": 10,
        "INVALID": 0,
        "MALICIOUS": 0,
        "SANE": 0,
        "VALID": 0,
        "total": 768
    },
    "percentage": {
        "ACTIVE": 98.69791666666667,
        "INACTIVE": 1.834862385321101,
        "INVALID": 0,
        "MALICIOUS": 0,
        "SANE": 0,
        "VALID": 0,
        "total": 100.53277905198777
    }
}