{
    "counter": {
        "ACTIVE": 412757,
        "INACTIVE": 3,
        "INVALID": 0,
        "MALICIOUS": 0,
        "SANE": 0,
        "VALID": 0,
        "total": 412760
    },
    "percentage": {
        "ACTIVE": 99.99927318538619,
        "INACTIVE": 0.001504158999633988,
        "INVALID": 0,
        "MALICIOUS": 0,
        "SANE": 0,
        "VALID": 0,
        "total": 100.00077734438582
    }
}