{
    "counter": {
        "ACTIVE": 341011,
        "INACTIVE": 3,
        "INVALID": 0,
        "MALICIOUS": 0,
        "SANE": 0,
        "VALID": 0,
        "total": 341014
    },
    "percentage": {
        "ACTIVE": 99.99912027072202,
        "INACTIVE": 0.001504158999633988,
        "INVALID": 0,
        "MALICIOUS": 0,
        "SANE": 0,
        "VALID": 0,
        "total": 100.00062442972165
    }
}