{
    "counter": {
        "ACTIVE": 249924,
        "INACTIVE": 3,
        "INVALID": 0,
        "MALICIOUS": 0,
        "SANE": 0,
        "VALID": 0,
        "total": 249927
    },
    "percentage": {
        "ACTIVE": 99.99879964949766,
        "INACTIVE": 0.001504158999633988,
        "INVALID": 0,
        "MALICIOUS": 0,
        "SANE": 0,
        "VALID": 0,
        "total": 100.00030380849729
    }
}