{
    "counter": {
        "ACTIVE": 416986,
        "INACTIVE": 4,
        "INVALID": 0,
        "MALICIOUS": 0,
        "SANE": 0,
        "VALID": 0,
        "total": 416990
    },
    "percentage": {
        "ACTIVE": 99.99904074438236,
        "INACTIVE": 0.0009682955819093336,
        "INVALID": 0,
        "MALICIOUS": 0,
        "SANE": 0,
        "VALID": 0,
        "total": 100.00000903996427
    }
}