{
    "counter": {
        "ACTIVE": 379629,
        "INACTIVE": 3,
        "INVALID": 0,
        "MALICIOUS": 0,
        "SANE": 0,
        "VALID": 0,
        "total": 379632
    },
    "percentage": {
        "ACTIVE": 99.99920976103174,
        "INACTIVE": 0.001504158999633988,
        "INVALID": 0,
        "MALICIOUS": 0,
        "SANE": 0,
        "VALID": 0,
        "total": 100.00071392003137
    }
}