{
    "counter": {
        "ACTIVE": 267939,
        "INACTIVE": 3,
        "INVALID": 0,
        "MALICIOUS": 0,
        "SANE": 0,
        "VALID": 0,
        "total": 267942
    },
    "percentage": {
        "ACTIVE": 99.99888035470363,
        "INACTIVE": 0.001504158999633988,
        "INVALID": 0,
        "MALICIOUS": 0,
        "SANE": 0,
        "VALID": 0,
        "total": 100.00038451370327
    }
}