{
    "counter": {
        "ACTIVE": 299710,
        "INACTIVE": 3,
        "INVALID": 0,
        "MALICIOUS": 0,
        "SANE": 0,
        "VALID": 0,
        "total": 299713
    },
    "percentage": {
        "ACTIVE": 99.99899904241724,
        "INACTIVE": 0.001504158999633988,
        "INVALID": 0,
        "MALICIOUS": 0,
        "SANE": 0,
        "VALID": 0,
        "total": 100.00050320141688
    }
}