{
    "counter": {
        "ACTIVE": 760,
        "INACTIVE": 14,
        "INVALID": 0,
        "MALICIOUS": 0,
        "SANE": 0,
        "VALID": 0,
        "total": 774
    },
    "percentage": {
        "ACTIVE": 98.19121447028424,
        "INACTIVE": 2.536231884057971,
        "INVALID": 0,
        "MALICIOUS": 0,
        "SANE": 0,
        "VALID": 0,
        "total": 100.7274463543422
    }
}