{
    "counter": {
        "ACTIVE": 417370,
        "INACTIVE": 4,
        "INVALID": 0,
        "MALICIOUS": 0,
        "SANE": 0,
        "VALID": 0,
        "total": 417374
    },
    "percentage": {
        "ACTIVE": 99.99904162693412,
        "INACTIVE": 0.0009683377755828788,
        "INVALID": 0,
        "MALICIOUS": 0,
        "SANE": 0,
        "VALID": 0,
        "total": 100.0000099647097
    }
}