{
    "counter": {
        "ACTIVE": 408705,
        "INACTIVE": 3,
        "INVALID": 0,
        "MALICIOUS": 0,
        "SANE": 0,
        "VALID": 0,
        "total": 408708
    },
    "percentage": {
        "ACTIVE": 99.9992659796236,
        "INACTIVE": 0.001504158999633988,
        "INVALID": 0,
        "MALICIOUS": 0,
        "SANE": 0,
        "VALID": 0,
        "total": 100.00077013862324
    }
}