{
    "counter": {
        "ACTIVE": 439554,
        "INACTIVE": 4,
        "INVALID": 0,
        "MALICIOUS": 0,
        "SANE": 0,
        "VALID": 0,
        "total": 439558
    },
    "percentage": {
        "ACTIVE": 99.99908999494947,
        "INACTIVE": 0.0009682955819093336,
        "INVALID": 0,
        "MALICIOUS": 0,
        "SANE": 0,
        "VALID": 0,
        "total": 100.00005829053138
    }
}