{
    "counter": {
        "ACTIVE": 384641,
        "INACTIVE": 3,
        "INVALID": 0,
        "MALICIOUS": 0,
        "SANE": 0,
        "VALID": 0,
        "total": 384644
    },
    "percentage": {
        "ACTIVE": 99.99922005802769,
        "INACTIVE": 0.001504158999633988,
        "INVALID": 0,
        "MALICIOUS": 0,
        "SANE": 0,
        "VALID": 0,
        "total": 100.00072421702733
    }
}