{
    "counter": {
        "ACTIVE": 470,
        "INACTIVE": 2,
        "INVALID": 0,
        "MALICIOUS": 0,
        "SANE": 0,
        "VALID": 0,
        "total": 472
    },
    "percentage": {
        "ACTIVE": 99.57627118644068,
        "INACTIVE": 0.46403712296983757,
        "INVALID": 0,
        "MALICIOUS": 0,
        "SANE": 0,
        "VALID": 0,
        "total": 100.04030830941052
    }
}