{
    "counter": {
        "ACTIVE": 779,
        "INACTIVE": 1,
        "INVALID": 0,
        "MALICIOUS": 0,
        "SANE": 0,
        "VALID": 0,
        "total": 780
    },
    "percentage": {
        "ACTIVE": 99.87179487179488,
        "INACTIVE": 2.1739130434782608,
        "INVALID": 0,
        "MALICIOUS": 0,
        "SANE": 0,
        "VALID": 0,
        "total": 102.04570791527314
    }
}