{
    "counter": {
        "ACTIVE": 773,
        "INACTIVE": 20,
        "INVALID": 0,
        "MALICIOUS": 0,
        "SANE": 0,
        "VALID": 0,
        "total": 793
    },
    "percentage": {
        "ACTIVE": 97.47793190416141,
        "INACTIVE": 2.607561929595828,
        "INVALID": 0,
        "MALICIOUS": 0,
        "SANE": 0,
        "VALID": 0,
        "total": 100.08549383375724
    }
}