{
    "counter": {
        "ACTIVE": 253090,
        "INACTIVE": 3,
        "INVALID": 0,
        "MALICIOUS": 0,
        "SANE": 0,
        "VALID": 0,
        "total": 253093
    },
    "percentage": {
        "ACTIVE": 99.99881466496505,
        "INACTIVE": 0.001504158999633988,
        "INVALID": 0,
        "MALICIOUS": 0,
        "SANE": 0,
        "VALID": 0,
        "total": 100.00031882396469
    }
}