{
    "counter": {
        "ACTIVE": 734,
        "INACTIVE": 9,
        "INVALID": 0,
        "MALICIOUS": 0,
        "SANE": 0,
        "VALID": 0,
        "total": 743
    },
    "percentage": {
        "ACTIVE": 98.78869448183042,
        "INACTIVE": 1.6853932584269662,
        "INVALID": 0,
        "MALICIOUS": 0,
        "SANE": 0,
        "VALID": 0,
        "total": 100.47408774025739
    }
}