{
    "counter": {
        "ACTIVE": 251679,
        "INACTIVE": 3,
        "INVALID": 0,
        "MALICIOUS": 0,
        "SANE": 0,
        "VALID": 0,
        "total": 251682
    },
    "percentage": {
        "ACTIVE": 99.99880801964383,
        "INACTIVE": 0.001504158999633988,
        "INVALID": 0,
        "MALICIOUS": 0,
        "SANE": 0,
        "VALID": 0,
        "total": 100.00031217864347
    }
}