{
    "counter": {
        "ACTIVE": 401332,
        "INACTIVE": 3,
        "INVALID": 0,
        "MALICIOUS": 0,
        "SANE": 0,
        "VALID": 0,
        "total": 401335
    },
    "percentage": {
        "ACTIVE": 99.99925249479861,
        "INACTIVE": 0.001504158999633988,
        "INVALID": 0,
        "MALICIOUS": 0,
        "SANE": 0,
        "VALID": 0,
        "total": 100.00075665379825
    }
}