{
    "counter": {
        "ACTIVE": 366238,
        "INACTIVE": 3,
        "INVALID": 0,
        "MALICIOUS": 0,
        "SANE": 0,
        "VALID": 0,
        "total": 366241
    },
    "percentage": {
        "ACTIVE": 99.99918086724315,
        "INACTIVE": 0.001504158999633988,
        "INVALID": 0,
        "MALICIOUS": 0,
        "SANE": 0,
        "VALID": 0,
        "total": 100.00068502624279
    }
}