{
    "counter": {
        "ACTIVE": 418247,
        "INACTIVE": 4,
        "INVALID": 0,
        "MALICIOUS": 0,
        "SANE": 0,
        "VALID": 0,
        "total": 418251
    },
    "percentage": {
        "ACTIVE": 99.99904363647666,
        "INACTIVE": 0.0009683377755828788,
        "INVALID": 0,
        "MALICIOUS": 0,
        "SANE": 0,
        "VALID": 0,
        "total": 100.00001197425225
    }
}