{
    "counter": {
        "ACTIVE": 412313,
        "INACTIVE": 3,
        "INVALID": 0,
        "MALICIOUS": 0,
        "SANE": 0,
        "VALID": 0,
        "total": 412316
    },
    "percentage": {
        "ACTIVE": 99.99927240272024,
        "INACTIVE": 0.001504158999633988,
        "INVALID": 0,
        "MALICIOUS": 0,
        "SANE": 0,
        "VALID": 0,
        "total": 100.00077656171987
    }
}