{
    "counter": {
        "ACTIVE": 383580,
        "INACTIVE": 3,
        "INVALID": 0,
        "MALICIOUS": 0,
        "SANE": 0,
        "VALID": 0,
        "total": 383583
    },
    "percentage": {
        "ACTIVE": 99.99921790068903,
        "INACTIVE": 0.001504158999633988,
        "INVALID": 0,
        "MALICIOUS": 0,
        "SANE": 0,
        "VALID": 0,
        "total": 100.00072205968867
    }
}