{
    "counter": {
        "ACTIVE": 406611,
        "INACTIVE": 3,
        "INVALID": 0,
        "MALICIOUS": 0,
        "SANE": 0,
        "VALID": 0,
        "total": 406614
    },
    "percentage": {
        "ACTIVE": 99.99926219953076,
        "INACTIVE": 0.001504158999633988,
        "INVALID": 0,
        "MALICIOUS": 0,
        "SANE": 0,
        "VALID": 0,
        "total": 100.0007663585304
    }
}