{
    "counter": {
        "ACTIVE": 237343,
        "INACTIVE": 3,
        "INVALID": 0,
        "MALICIOUS": 0,
        "SANE": 0,
        "VALID": 0,
        "total": 237346
    },
    "percentage": {
        "ACTIVE": 99.99873602251566,
        "INACTIVE": 0.001504158999633988,
        "INVALID": 0,
        "MALICIOUS": 0,
        "SANE": 0,
        "VALID": 0,
        "total": 100.0002401815153
    }
}