{
    "counter": {
        "ACTIVE": 326899,
        "INACTIVE": 3,
        "INVALID": 0,
        "MALICIOUS": 0,
        "SANE": 0,
        "VALID": 0,
        "total": 326902
    },
    "percentage": {
        "ACTIVE": 99.99908229377611,
        "INACTIVE": 0.001504158999633988,
        "INVALID": 0,
        "MALICIOUS": 0,
        "SANE": 0,
        "VALID": 0,
        "total": 100.00058645277575
    }
}