{
    "counter": {
        "ACTIVE": 738,
        "INACTIVE": 7,
        "INVALID": 0,
        "MALICIOUS": 0,
        "SANE": 0,
        "VALID": 0,
        "total": 745
    },
    "percentage": {
        "ACTIVE": 99.06040268456375,
        "INACTIVE": 1.303538175046555,
        "INVALID": 0,
        "MALICIOUS": 0,
        "SANE": 0,
        "VALID": 0,
        "total": 100.36394085961031
    }
}