{
    "counter": {
        "ACTIVE": 407310,
        "INACTIVE": 3,
        "INVALID": 0,
        "MALICIOUS": 0,
        "SANE": 0,
        "VALID": 0,
        "total": 407313
    },
    "percentage": {
        "ACTIVE": 99.99926346568854,
        "INACTIVE": 0.001504158999633988,
        "INVALID": 0,
        "MALICIOUS": 0,
        "SANE": 0,
        "VALID": 0,
        "total": 100.00076762468818
    }
}