{
    "counter": {
        "ACTIVE": 316737,
        "INACTIVE": 3,
        "INVALID": 0,
        "MALICIOUS": 0,
        "SANE": 0,
        "VALID": 0,
        "total": 316740
    },
    "percentage": {
        "ACTIVE": 99.99905285091873,
        "INACTIVE": 0.001504158999633988,
        "INVALID": 0,
        "MALICIOUS": 0,
        "SANE": 0,
        "VALID": 0,
        "total": 100.00055700991837
    }
}