{
    "counter": {
        "ACTIVE": 440982,
        "INACTIVE": 4,
        "INVALID": 0,
        "MALICIOUS": 0,
        "SANE": 0,
        "VALID": 0,
        "total": 440986
    },
    "percentage": {
        "ACTIVE": 99.99909294172605,
        "INACTIVE": 0.0009682955819093336,
        "INVALID": 0,
        "MALICIOUS": 0,
        "SANE": 0,
        "VALID": 0,
        "total": 100.00006123730796
    }
}