{
    "counter": {
        "ACTIVE": 453119,
        "INACTIVE": 4,
        "INVALID": 0,
        "MALICIOUS": 0,
        "SANE": 0,
        "VALID": 0,
        "total": 453123
    },
    "percentage": {
        "ACTIVE": 99.99911723748298,
        "INACTIVE": 0.0009682955819093336,
        "INVALID": 0,
        "MALICIOUS": 0,
        "SANE": 0,
        "VALID": 0,
        "total": 100.00008553306489
    }
}