{
    "counter": {
        "ACTIVE": 288292,
        "INACTIVE": 3,
        "INVALID": 0,
        "MALICIOUS": 0,
        "SANE": 0,
        "VALID": 0,
        "total": 288295
    },
    "percentage": {
        "ACTIVE": 99.9989593992265,
        "INACTIVE": 0.001504158999633988,
        "INVALID": 0,
        "MALICIOUS": 0,
        "SANE": 0,
        "VALID": 0,
        "total": 100.00046355822613
    }
}