{
    "counter": {
        "ACTIVE": 288640,
        "INACTIVE": 3,
        "INVALID": 0,
        "MALICIOUS": 0,
        "SANE": 0,
        "VALID": 0,
        "total": 288643
    },
    "percentage": {
        "ACTIVE": 99.99896065381803,
        "INACTIVE": 0.001504158999633988,
        "INVALID": 0,
        "MALICIOUS": 0,
        "SANE": 0,
        "VALID": 0,
        "total": 100.00046481281767
    }
}