{
    "counter": {
        "ACTIVE": 439259,
        "INACTIVE": 4,
        "INVALID": 0,
        "MALICIOUS": 0,
        "SANE": 0,
        "VALID": 0,
        "total": 439263
    },
    "percentage": {
        "ACTIVE": 99.9990893838088,
        "INACTIVE": 0.0009682955819093336,
        "INVALID": 0,
        "MALICIOUS": 0,
        "SANE": 0,
        "VALID": 0,
        "total": 100.00005767939071
    }
}