{
    "counter": {
        "ACTIVE": 424914,
        "INACTIVE": 4,
        "INVALID": 0,
        "MALICIOUS": 0,
        "SANE": 0,
        "VALID": 0,
        "total": 424918
    },
    "percentage": {
        "ACTIVE": 99.99905864190268,
        "INACTIVE": 0.0009682955819093336,
        "INVALID": 0,
        "MALICIOUS": 0,
        "SANE": 0,
        "VALID": 0,
        "total": 100.00002693748459
    }
}