{
    "counter": {
        "ACTIVE": 511,
        "INACTIVE": 14,
        "INVALID": 0,
        "MALICIOUS": 0,
        "SANE": 0,
        "VALID": 0,
        "total": 525
    },
    "percentage": {
        "ACTIVE": 97.33333333333333,
        "INACTIVE": 2.729044834307992,
        "INVALID": 0,
        "MALICIOUS": 0,
        "SANE": 0,
        "VALID": 0,
        "total": 100.06237816764133
    }
}