{
    "counter": {
        "ACTIVE": 435562,
        "INACTIVE": 4,
        "INVALID": 0,
        "MALICIOUS": 0,
        "SANE": 0,
        "VALID": 0,
        "total": 435566
    },
    "percentage": {
        "ACTIVE": 99.99908165467461,
        "INACTIVE": 0.0009682955819093336,
        "INVALID": 0,
        "MALICIOUS": 0,
        "SANE": 0,
        "VALID": 0,
        "total": 100.00004995025652
    }
}