{
    "counter": {
        "ACTIVE": 450504,
        "INACTIVE": 4,
        "INVALID": 0,
        "MALICIOUS": 0,
        "SANE": 0,
        "VALID": 0,
        "total": 450508
    },
    "percentage": {
        "ACTIVE": 99.99911211343638,
        "INACTIVE": 0.0009682955819093336,
        "INVALID": 0,
        "MALICIOUS": 0,
        "SANE": 0,
        "VALID": 0,
        "total": 100.0000804090183
    }
}