{
    "counter": {
        "ACTIVE": 320781,
        "INACTIVE": 3,
        "INVALID": 0,
        "MALICIOUS": 0,
        "SANE": 0,
        "VALID": 0,
        "total": 320784
    },
    "percentage": {
        "ACTIVE": 99.9990647912614,
        "INACTIVE": 0.001504158999633988,
        "INVALID": 0,
        "MALICIOUS": 0,
        "SANE": 0,
        "VALID": 0,
        "total": 100.00056895026104
    }
}