{
    "counter": {
        "ACTIVE": 453304,
        "INACTIVE": 4,
        "INVALID": 0,
        "MALICIOUS": 0,
        "SANE": 0,
        "VALID": 0,
        "total": 453308
    },
    "percentage": {
        "ACTIVE": 99.99911759774811,
        "INACTIVE": 0.0009682955819093336,
        "INVALID": 0,
        "MALICIOUS": 0,
        "SANE": 0,
        "VALID": 0,
        "total": 100.00008589333002
    }
}