{
    "counter": {
        "ACTIVE": 732,
        "INACTIVE": 15,
        "INVALID": 0,
        "MALICIOUS": 0,
        "SANE": 0,
        "VALID": 0,
        "total": 747
    },
    "percentage": {
        "ACTIVE": 97.99196787148594,
        "INACTIVE": 2.697841726618705,
        "INVALID": 0,
        "MALICIOUS": 0,
        "SANE": 0,
        "VALID": 0,
        "total": 100.68980959810465
    }
}