{
    "counter": {
        "ACTIVE": 431586,
        "INACTIVE": 4,
        "INVALID": 0,
        "MALICIOUS": 0,
        "SANE": 0,
        "VALID": 0,
        "total": 431590
    },
    "percentage": {
        "ACTIVE": 99.99907319446697,
        "INACTIVE": 0.0009682955819093336,
        "INVALID": 0,
        "MALICIOUS": 0,
        "SANE": 0,
        "VALID": 0,
        "total": 100.00004149004889
    }
}