{
    "counter": {
        "ACTIVE": 255032,
        "INACTIVE": 3,
        "INVALID": 0,
        "MALICIOUS": 0,
        "SANE": 0,
        "VALID": 0,
        "total": 255035
    },
    "percentage": {
        "ACTIVE": 99.99882369086596,
        "INACTIVE": 0.001504158999633988,
        "INVALID": 0,
        "MALICIOUS": 0,
        "SANE": 0,
        "VALID": 0,
        "total": 100.0003278498656
    }
}