{
    "counter": {
        "ACTIVE": 315917,
        "INACTIVE": 3,
        "INVALID": 0,
        "MALICIOUS": 0,
        "SANE": 0,
        "VALID": 0,
        "total": 315920
    },
    "percentage": {
        "ACTIVE": 99.99905039250443,
        "INACTIVE": 0.001504158999633988,
        "INVALID": 0,
        "MALICIOUS": 0,
        "SANE": 0,
        "VALID": 0,
        "total": 100.00055455150407
    }
}