{
    "counter": {
        "ACTIVE": 428013,
        "INACTIVE": 4,
        "INVALID": 0,
        "MALICIOUS": 0,
        "SANE": 0,
        "VALID": 0,
        "total": 428017
    },
    "percentage": {
        "ACTIVE": 99.99906545768042,
        "INACTIVE": 0.0009682955819093336,
        "INVALID": 0,
        "MALICIOUS": 0,
        "SANE": 0,
        "VALID": 0,
        "total": 100.00003375326233
    }
}