{
    "counter": {
        "ACTIVE": 212888,
        "INACTIVE": 3,
        "INVALID": 0,
        "MALICIOUS": 0,
        "SANE": 0,
        "VALID": 0,
        "total": 212891
    },
    "percentage": {
        "ACTIVE": 99.99859082817028,
        "INACTIVE": 0.001504158999633988,
        "INVALID": 0,
        "MALICIOUS": 0,
        "SANE": 0,
        "VALID": 0,
        "total": 100.00009498716992
    }
}