{
    "counter": {
        "ACTIVE": 305716,
        "INACTIVE": 3,
        "INVALID": 0,
        "MALICIOUS": 0,
        "SANE": 0,
        "VALID": 0,
        "total": 305719
    },
    "percentage": {
        "ACTIVE": 99.99901870672088,
        "INACTIVE": 0.001504158999633988,
        "INVALID": 0,
        "MALICIOUS": 0,
        "SANE": 0,
        "VALID": 0,
        "total": 100.00052286572051
    }
}