{
    "counter": {
        "ACTIVE": 337421,
        "INACTIVE": 3,
        "INVALID": 0,
        "MALICIOUS": 0,
        "SANE": 0,
        "VALID": 0,
        "total": 337424
    },
    "percentage": {
        "ACTIVE": 99.99911091090142,
        "INACTIVE": 0.001504158999633988,
        "INVALID": 0,
        "MALICIOUS": 0,
        "SANE": 0,
        "VALID": 0,
        "total": 100.00061506990106
    }
}