{
    "counter": {
        "ACTIVE": 404,
        "INACTIVE": 1,
        "INVALID": 0,
        "MALICIOUS": 0,
        "SANE": 0,
        "VALID": 0,
        "total": 405
    },
    "percentage": {
        "ACTIVE": 99.75308641975309,
        "INACTIVE": 2.9411764705882355,
        "INVALID": 0,
        "MALICIOUS": 0,
        "SANE": 0,
        "VALID": 0,
        "total": 102.69426289034132
    }
}