{
    "counter": {
        "ACTIVE": 207055,
        "INACTIVE": 3,
        "INVALID": 0,
        "MALICIOUS": 0,
        "SANE": 0,
        "VALID": 0,
        "total": 207058
    },
    "percentage": {
        "ACTIVE": 99.99855113060109,
        "INACTIVE": 0.001504158999633988,
        "INVALID": 0,
        "MALICIOUS": 0,
        "SANE": 0,
        "VALID": 0,
        "total": 100.00005528960072
    }
}