{
    "counter": {
        "ACTIVE": 407048,
        "INACTIVE": 3,
        "INVALID": 0,
        "MALICIOUS": 0,
        "SANE": 0,
        "VALID": 0,
        "total": 407051
    },
    "percentage": {
        "ACTIVE": 99.9992629916153,
        "INACTIVE": 0.001504158999633988,
        "INVALID": 0,
        "MALICIOUS": 0,
        "SANE": 0,
        "VALID": 0,
        "total": 100.00076715061493
    }
}