{
    "counter": {
        "ACTIVE": 392529,
        "INACTIVE": 3,
        "INVALID": 0,
        "MALICIOUS": 0,
        "SANE": 0,
        "VALID": 0,
        "total": 392532
    },
    "percentage": {
        "ACTIVE": 99.99923573109963,
        "INACTIVE": 0.001504158999633988,
        "INVALID": 0,
        "MALICIOUS": 0,
        "SANE": 0,
        "VALID": 0,
        "total": 100.00073989009927
    }
}