{
    "counter": {
        "ACTIVE": 417965,
        "INACTIVE": 4,
        "INVALID": 0,
        "MALICIOUS": 0,
        "SANE": 0,
        "VALID": 0,
        "total": 417969
    },
    "percentage": {
        "ACTIVE": 99.99904299122662,
        "INACTIVE": 0.0009683377755828788,
        "INVALID": 0,
        "MALICIOUS": 0,
        "SANE": 0,
        "VALID": 0,
        "total": 100.0000113290022
    }
}