{
    "counter": {
        "ACTIVE": 395241,
        "INACTIVE": 3,
        "INVALID": 0,
        "MALICIOUS": 0,
        "SANE": 0,
        "VALID": 0,
        "total": 395244
    },
    "percentage": {
        "ACTIVE": 99.99924097519506,
        "INACTIVE": 0.001504158999633988,
        "INVALID": 0,
        "MALICIOUS": 0,
        "SANE": 0,
        "VALID": 0,
        "total": 100.0007451341947
    }
}