{
    "counter": {
        "ACTIVE": 398370,
        "INACTIVE": 3,
        "INVALID": 0,
        "MALICIOUS": 0,
        "SANE": 0,
        "VALID": 0,
        "total": 398373
    },
    "percentage": {
        "ACTIVE": 99.99924693691591,
        "INACTIVE": 0.001504158999633988,
        "INVALID": 0,
        "MALICIOUS": 0,
        "SANE": 0,
        "VALID": 0,
        "total": 100.00075109591555
    }
}