{
    "counter": {
        "ACTIVE": 284977,
        "INACTIVE": 3,
        "INVALID": 0,
        "MALICIOUS": 0,
        "SANE": 0,
        "VALID": 0,
        "total": 284980
    },
    "percentage": {
        "ACTIVE": 99.99894729454698,
        "INACTIVE": 0.001504158999633988,
        "INVALID": 0,
        "MALICIOUS": 0,
        "SANE": 0,
        "VALID": 0,
        "total": 100.00045145354662
    }
}