{
    "counter": {
        "ACTIVE": 409764,
        "INACTIVE": 3,
        "INVALID": 0,
        "MALICIOUS": 0,
        "SANE": 0,
        "VALID": 0,
        "total": 409767
    },
    "percentage": {
        "ACTIVE": 99.99926787662257,
        "INACTIVE": 0.001504158999633988,
        "INVALID": 0,
        "MALICIOUS": 0,
        "SANE": 0,
        "VALID": 0,
        "total": 100.0007720356222
    }
}