{
    "counter": {
        "ACTIVE": 454939,
        "INACTIVE": 4,
        "INVALID": 0,
        "MALICIOUS": 0,
        "SANE": 0,
        "VALID": 0,
        "total": 454943
    },
    "percentage": {
        "ACTIVE": 99.99912076897546,
        "INACTIVE": 0.0009682955819093336,
        "INVALID": 0,
        "MALICIOUS": 0,
        "SANE": 0,
        "VALID": 0,
        "total": 100.00008906455737
    }
}