{
    "counter": {
        "ACTIVE": 318479,
        "INACTIVE": 3,
        "INVALID": 0,
        "MALICIOUS": 0,
        "SANE": 0,
        "VALID": 0,
        "total": 318482
    },
    "percentage": {
        "ACTIVE": 99.9990580315371,
        "INACTIVE": 0.001504158999633988,
        "INVALID": 0,
        "MALICIOUS": 0,
        "SANE": 0,
        "VALID": 0,
        "total": 100.00056219053674
    }
}