{
    "counter": {
        "ACTIVE": 341106,
        "INACTIVE": 3,
        "INVALID": 0,
        "MALICIOUS": 0,
        "SANE": 0,
        "VALID": 0,
        "total": 341109
    },
    "percentage": {
        "ACTIVE": 99.99912051572957,
        "INACTIVE": 0.001504158999633988,
        "INVALID": 0,
        "MALICIOUS": 0,
        "SANE": 0,
        "VALID": 0,
        "total": 100.00062467472921
    }
}