{
    "counter": {
        "ACTIVE": 363698,
        "INACTIVE": 3,
        "INVALID": 0,
        "MALICIOUS": 0,
        "SANE": 0,
        "VALID": 0,
        "total": 363701
    },
    "percentage": {
        "ACTIVE": 99.99917514661769,
        "INACTIVE": 0.001504158999633988,
        "INVALID": 0,
        "MALICIOUS": 0,
        "SANE": 0,
        "VALID": 0,
        "total": 100.00067930561733
    }
}