{
    "counter": {
        "ACTIVE": 242749,
        "INACTIVE": 3,
        "INVALID": 0,
        "MALICIOUS": 0,
        "SANE": 0,
        "VALID": 0,
        "total": 242752
    },
    "percentage": {
        "ACTIVE": 99.99876417084103,
        "INACTIVE": 0.001504158999633988,
        "INVALID": 0,
        "MALICIOUS": 0,
        "SANE": 0,
        "VALID": 0,
        "total": 100.00026832984067
    }
}