{
    "counter": {
        "ACTIVE": 264491,
        "INACTIVE": 3,
        "INVALID": 0,
        "MALICIOUS": 0,
        "SANE": 0,
        "VALID": 0,
        "total": 264494
    },
    "percentage": {
        "ACTIVE": 99.99886575876957,
        "INACTIVE": 0.001504158999633988,
        "INVALID": 0,
        "MALICIOUS": 0,
        "SANE": 0,
        "VALID": 0,
        "total": 100.0003699177692
    }
}