{
    "counter": {
        "ACTIVE": 198294,
        "INACTIVE": 2,
        "INVALID": 0,
        "MALICIOUS": 0,
        "SANE": 0,
        "VALID": 0,
        "total": 198296
    },
    "percentage": {
        "ACTIVE": 99.99899140678582,
        "INACTIVE": 0.0013050145182865159,
        "INVALID": 0,
        "MALICIOUS": 0,
        "SANE": 0,
        "VALID": 0,
        "total": 100.0002964213041
    }
}