{
    "counter": {
        "ACTIVE": 536,
        "INACTIVE": 1,
        "INVALID": 0,
        "MALICIOUS": 0,
        "SANE": 0,
        "VALID": 0,
        "total": 537
    },
    "percentage": {
        "ACTIVE": 99.81378026070763,
        "INACTIVE": 2.127659574468085,
        "INVALID": 0,
        "MALICIOUS": 0,
        "SANE": 0,
        "VALID": 0,
        "total": 101.94143983517571
    }
}