{
    "counter": {
        "ACTIVE": 750,
        "INACTIVE": 2,
        "INVALID": 0,
        "MALICIOUS": 0,
        "SANE": 0,
        "VALID": 0,
        "total": 752
    },
    "percentage": {
        "ACTIVE": 99.73404255319149,
        "INACTIVE": 0.5988023952095808,
        "INVALID": 0,
        "MALICIOUS": 0,
        "SANE": 0,
        "VALID": 0,
        "total": 100.33284494840106
    }
}