{
    "counter": {
        "ACTIVE": 283837,
        "INACTIVE": 3,
        "INVALID": 0,
        "MALICIOUS": 0,
        "SANE": 0,
        "VALID": 0,
        "total": 283840
    },
    "percentage": {
        "ACTIVE": 99.99894306651635,
        "INACTIVE": 0.001504158999633988,
        "INVALID": 0,
        "MALICIOUS": 0,
        "SANE": 0,
        "VALID": 0,
        "total": 100.00044722551598
    }
}